demand,supply,bin,time_window,demand_lag_1,supply_lag_1,demand_lag_2,supply_lag_2,demand_lag_3,supply_lag_3,demand_lag_4,supply_lag_4,demand_lag_5,supply_lag_5,demand_lag_6,supply_lag_6,demand_lag_7,supply_lag_7
0.0,7.0,13.0,8.0,0.0,4.0,0.0,8.0,0.0,5.0,0.0,9.0,0.0,2.0,0.0,6.0,0.0,5.0
0.0,10.0,13.0,9.0,0.0,7.0,0.0,4.0,0.0,8.0,0.0,5.0,0.0,9.0,0.0,2.0,0.0,6.0
0.0,2.0,13.0,10.0,0.0,10.0,0.0,7.0,0.0,4.0,0.0,8.0,0.0,5.0,0.0,9.0,0.0,2.0
0.0,10.0,13.0,11.0,0.0,2.0,0.0,10.0,0.0,7.0,0.0,4.0,0.0,8.0,0.0,5.0,0.0,9.0
0.0,8.0,13.0,12.0,0.0,10.0,0.0,2.0,0.0,10.0,0.0,7.0,0.0,4.0,0.0,8.0,0.0,5.0
0.0,9.0,13.0,13.0,0.0,8.0,0.0,10.0,0.0,2.0,0.0,10.0,0.0,7.0,0.0,4.0,0.0,8.0
0.0,10.0,13.0,14.0,0.0,9.0,0.0,8.0,0.0,10.0,0.0,2.0,0.0,10.0,0.0,7.0,0.0,4.0
0.0,6.0,13.0,15.0,0.0,10.0,0.0,9.0,0.0,8.0,0.0,10.0,0.0,2.0,0.0,10.0,0.0,7.0
0.0,3.0,13.0,16.0,0.0,6.0,0.0,10.0,0.0,9.0,0.0,8.0,0.0,10.0,0.0,2.0,0.0,10.0
0.0,6.0,13.0,17.0,0.0,3.0,0.0,6.0,0.0,10.0,0.0,9.0,0.0,8.0,0.0,10.0,0.0,2.0
0.0,8.0,13.0,18.0,0.0,6.0,0.0,3.0,0.0,6.0,0.0,10.0,0.0,9.0,0.0,8.0,0.0,10.0
0.0,9.0,13.0,19.0,0.0,8.0,0.0,6.0,0.0,3.0,0.0,6.0,0.0,10.0,0.0,9.0,0.0,8.0
0.0,7.0,13.0,20.0,0.0,9.0,0.0,8.0,0.0,6.0,0.0,3.0,0.0,6.0,0.0,10.0,0.0,9.0
0.0,6.0,13.0,21.0,0.0,7.0,0.0,9.0,0.0,8.0,0.0,6.0,0.0,3.0,0.0,6.0,0.0,10.0
0.0,8.0,13.0,22.0,0.0,6.0,0.0,7.0,0.0,9.0,0.0,8.0,0.0,6.0,0.0,3.0,0.0,6.0
0.0,3.0,13.0,23.0,0.0,8.0,0.0,6.0,0.0,7.0,0.0,9.0,0.0,8.0,0.0,6.0,0.0,3.0
0.0,1.0,13.0,24.0,0.0,3.0,0.0,8.0,0.0,6.0,0.0,7.0,0.0,9.0,0.0,8.0,0.0,6.0
0.0,3.0,13.0,25.0,0.0,1.0,0.0,3.0,0.0,8.0,0.0,6.0,0.0,7.0,0.0,9.0,0.0,8.0
0.0,6.0,13.0,26.0,0.0,3.0,0.0,1.0,0.0,3.0,0.0,8.0,0.0,6.0,0.0,7.0,0.0,9.0
0.0,5.0,13.0,27.0,0.0,6.0,0.0,3.0,0.0,1.0,0.0,3.0,0.0,8.0,0.0,6.0,0.0,7.0
0.0,5.0,13.0,28.0,0.0,5.0,0.0,6.0,0.0,3.0,0.0,1.0,0.0,3.0,0.0,8.0,0.0,6.0
0.0,8.0,13.0,29.0,0.0,5.0,0.0,5.0,0.0,6.0,0.0,3.0,0.0,1.0,0.0,3.0,0.0,8.0
0.0,9.0,13.0,30.0,0.0,8.0,0.0,5.0,0.0,5.0,0.0,6.0,0.0,3.0,0.0,1.0,0.0,3.0
0.0,3.0,13.0,31.0,0.0,9.0,0.0,8.0,0.0,5.0,0.0,5.0,0.0,6.0,0.0,3.0,0.0,1.0
0.0,5.0,13.0,32.0,0.0,3.0,0.0,9.0,0.0,8.0,0.0,5.0,0.0,5.0,0.0,6.0,0.0,3.0
0.0,2.0,13.0,33.0,0.0,5.0,0.0,3.0,0.0,9.0,0.0,8.0,0.0,5.0,0.0,5.0,0.0,6.0
0.0,3.0,13.0,34.0,0.0,2.0,0.0,5.0,0.0,3.0,0.0,9.0,0.0,8.0,0.0,5.0,0.0,5.0
0.0,7.0,13.0,35.0,0.0,3.0,0.0,2.0,0.0,5.0,0.0,3.0,0.0,9.0,0.0,8.0,0.0,5.0
0.0,9.0,13.0,36.0,0.0,7.0,0.0,3.0,0.0,2.0,0.0,5.0,0.0,3.0,0.0,9.0,0.0,8.0
0.0,2.0,13.0,37.0,0.0,9.0,0.0,7.0,0.0,3.0,0.0,2.0,0.0,5.0,0.0,3.0,0.0,9.0
0.0,6.0,13.0,38.0,0.0,2.0,0.0,9.0,0.0,7.0,0.0,3.0,0.0,2.0,0.0,5.0,0.0,3.0
0.0,6.0,13.0,39.0,0.0,6.0,0.0,2.0,0.0,9.0,0.0,7.0,0.0,3.0,0.0,2.0,0.0,5.0
0.0,2.0,13.0,40.0,0.0,6.0,0.0,6.0,0.0,2.0,0.0,9.0,0.0,7.0,0.0,3.0,0.0,2.0
0.0,3.0,13.0,41.0,0.0,2.0,0.0,6.0,0.0,6.0,0.0,2.0,0.0,9.0,0.0,7.0,0.0,3.0
0.0,5.0,13.0,42.0,0.0,3.0,0.0,2.0,0.0,6.0,0.0,6.0,0.0,2.0,0.0,9.0,0.0,7.0
0.0,7.0,13.0,43.0,0.0,5.0,0.0,3.0,0.0,2.0,0.0,6.0,0.0,6.0,0.0,2.0,0.0,9.0
0.0,6.0,13.0,44.0,0.0,7.0,0.0,5.0,0.0,3.0,0.0,2.0,0.0,6.0,0.0,6.0,0.0,2.0
0.0,8.0,13.0,45.0,0.0,6.0,0.0,7.0,0.0,5.0,0.0,3.0,0.0,2.0,0.0,6.0,0.0,6.0
0.0,5.0,13.0,46.0,0.0,8.0,0.0,6.0,0.0,7.0,0.0,5.0,0.0,3.0,0.0,2.0,0.0,6.0
0.0,3.0,13.0,47.0,0.0,5.0,0.0,8.0,0.0,6.0,0.0,7.0,0.0,5.0,0.0,3.0,0.0,2.0
0.0,3.0,13.0,48.0,0.0,3.0,0.0,5.0,0.0,8.0,0.0,6.0,0.0,7.0,0.0,5.0,0.0,3.0
0.0,5.0,13.0,49.0,0.0,3.0,0.0,3.0,0.0,5.0,0.0,8.0,0.0,6.0,0.0,7.0,0.0,5.0
0.0,3.0,13.0,50.0,0.0,5.0,0.0,3.0,0.0,3.0,0.0,5.0,0.0,8.0,0.0,6.0,0.0,7.0
0.0,5.0,13.0,51.0,0.0,3.0,0.0,5.0,0.0,3.0,0.0,3.0,0.0,5.0,0.0,8.0,0.0,6.0
0.0,6.0,13.0,52.0,0.0,5.0,0.0,3.0,0.0,5.0,0.0,3.0,0.0,3.0,0.0,5.0,0.0,8.0
0.0,3.0,13.0,53.0,0.0,6.0,0.0,5.0,0.0,3.0,0.0,5.0,0.0,3.0,0.0,3.0,0.0,5.0
0.0,3.0,13.0,54.0,0.0,3.0,0.0,6.0,0.0,5.0,0.0,3.0,0.0,5.0,0.0,3.0,0.0,3.0
0.0,9.0,13.0,55.0,0.0,3.0,0.0,3.0,0.0,6.0,0.0,5.0,0.0,3.0,0.0,5.0,0.0,3.0
0.0,5.0,13.0,56.0,0.0,9.0,0.0,3.0,0.0,3.0,0.0,6.0,0.0,5.0,0.0,3.0,0.0,5.0
0.0,4.0,13.0,57.0,0.0,5.0,0.0,9.0,0.0,3.0,0.0,3.0,0.0,6.0,0.0,5.0,0.0,3.0
0.0,4.0,13.0,58.0,0.0,4.0,0.0,5.0,0.0,9.0,0.0,3.0,0.0,3.0,0.0,6.0,0.0,5.0
0.0,12.0,13.0,59.0,0.0,4.0,0.0,4.0,0.0,5.0,0.0,9.0,0.0,3.0,0.0,3.0,0.0,6.0
0.0,5.0,13.0,60.0,0.0,12.0,0.0,4.0,0.0,4.0,0.0,5.0,0.0,9.0,0.0,3.0,0.0,3.0
0.0,5.0,13.0,61.0,0.0,5.0,0.0,12.0,0.0,4.0,0.0,4.0,0.0,5.0,0.0,9.0,0.0,3.0
0.0,3.0,13.0,62.0,0.0,5.0,0.0,5.0,0.0,12.0,0.0,4.0,0.0,4.0,0.0,5.0,0.0,9.0
0.0,5.0,13.0,63.0,0.0,3.0,0.0,5.0,0.0,5.0,0.0,12.0,0.0,4.0,0.0,4.0,0.0,5.0
0.0,4.0,13.0,64.0,0.0,5.0,0.0,3.0,0.0,5.0,0.0,5.0,0.0,12.0,0.0,4.0,0.0,4.0
0.0,8.0,13.0,65.0,0.0,4.0,0.0,5.0,0.0,3.0,0.0,5.0,0.0,5.0,0.0,12.0,0.0,4.0
0.0,3.0,13.0,66.0,0.0,8.0,0.0,4.0,0.0,5.0,0.0,3.0,0.0,5.0,0.0,5.0,0.0,12.0
0.0,4.0,13.0,67.0,0.0,3.0,0.0,8.0,0.0,4.0,0.0,5.0,0.0,3.0,0.0,5.0,0.0,5.0
0.0,5.0,13.0,68.0,0.0,4.0,0.0,3.0,0.0,8.0,0.0,4.0,0.0,5.0,0.0,3.0,0.0,5.0
0.0,11.0,13.0,69.0,0.0,5.0,0.0,4.0,0.0,3.0,0.0,8.0,0.0,4.0,0.0,5.0,0.0,3.0
0.0,5.0,13.0,70.0,0.0,11.0,0.0,5.0,0.0,4.0,0.0,3.0,0.0,8.0,0.0,4.0,0.0,5.0
0.0,10.0,13.0,71.0,0.0,5.0,0.0,11.0,0.0,5.0,0.0,4.0,0.0,3.0,0.0,8.0,0.0,4.0
0.0,8.0,13.0,72.0,0.0,10.0,0.0,5.0,0.0,11.0,0.0,5.0,0.0,4.0,0.0,3.0,0.0,8.0
0.0,6.0,13.0,73.0,0.0,8.0,0.0,10.0,0.0,5.0,0.0,11.0,0.0,5.0,0.0,4.0,0.0,3.0
0.0,6.0,13.0,74.0,0.0,6.0,0.0,8.0,0.0,10.0,0.0,5.0,0.0,11.0,0.0,5.0,0.0,4.0
0.0,5.0,13.0,75.0,0.0,6.0,0.0,6.0,0.0,8.0,0.0,10.0,0.0,5.0,0.0,11.0,0.0,5.0
0.0,3.0,13.0,76.0,0.0,5.0,0.0,6.0,0.0,6.0,0.0,8.0,0.0,10.0,0.0,5.0,0.0,11.0
0.0,11.0,13.0,77.0,0.0,3.0,0.0,5.0,0.0,6.0,0.0,6.0,0.0,8.0,0.0,10.0,0.0,5.0
0.0,6.0,13.0,78.0,0.0,11.0,0.0,3.0,0.0,5.0,0.0,6.0,0.0,6.0,0.0,8.0,0.0,10.0
0.0,6.0,13.0,79.0,0.0,6.0,0.0,11.0,0.0,3.0,0.0,5.0,0.0,6.0,0.0,6.0,0.0,8.0
0.0,4.0,13.0,80.0,0.0,6.0,0.0,6.0,0.0,11.0,0.0,3.0,0.0,5.0,0.0,6.0,0.0,6.0
0.0,6.0,13.0,81.0,0.0,4.0,0.0,6.0,0.0,6.0,0.0,11.0,0.0,3.0,0.0,5.0,0.0,6.0
0.0,3.0,13.0,82.0,0.0,6.0,0.0,4.0,0.0,6.0,0.0,6.0,0.0,11.0,0.0,3.0,0.0,5.0
0.0,6.0,13.0,83.0,0.0,3.0,0.0,6.0,0.0,4.0,0.0,6.0,0.0,6.0,0.0,11.0,0.0,3.0
0.0,8.0,13.0,84.0,0.0,6.0,0.0,3.0,0.0,6.0,0.0,4.0,0.0,6.0,0.0,6.0,0.0,11.0
0.0,4.0,13.0,85.0,0.0,8.0,0.0,6.0,0.0,3.0,0.0,6.0,0.0,4.0,0.0,6.0,0.0,6.0
0.0,7.0,13.0,86.0,0.0,4.0,0.0,8.0,0.0,6.0,0.0,3.0,0.0,6.0,0.0,4.0,0.0,6.0
0.0,6.0,13.0,87.0,0.0,7.0,0.0,4.0,0.0,8.0,0.0,6.0,0.0,3.0,0.0,6.0,0.0,4.0
0.0,4.0,13.0,88.0,0.0,6.0,0.0,7.0,0.0,4.0,0.0,8.0,0.0,6.0,0.0,3.0,0.0,6.0
0.0,9.0,13.0,89.0,0.0,4.0,0.0,6.0,0.0,7.0,0.0,4.0,0.0,8.0,0.0,6.0,0.0,3.0
0.0,7.0,13.0,90.0,0.0,9.0,0.0,4.0,0.0,6.0,0.0,7.0,0.0,4.0,0.0,8.0,0.0,6.0
0.0,6.0,13.0,91.0,0.0,7.0,0.0,9.0,0.0,4.0,0.0,6.0,0.0,7.0,0.0,4.0,0.0,8.0
0.0,6.0,13.0,92.0,0.0,6.0,0.0,7.0,0.0,9.0,0.0,4.0,0.0,6.0,0.0,7.0,0.0,4.0
0.0,4.0,13.0,93.0,0.0,6.0,0.0,6.0,0.0,7.0,0.0,9.0,0.0,4.0,0.0,6.0,0.0,7.0
0.0,3.0,13.0,94.0,0.0,4.0,0.0,6.0,0.0,6.0,0.0,7.0,0.0,9.0,0.0,4.0,0.0,6.0
0.0,8.0,13.0,95.0,0.0,3.0,0.0,4.0,0.0,6.0,0.0,6.0,0.0,7.0,0.0,9.0,0.0,4.0
0.0,7.0,13.0,96.0,0.0,8.0,0.0,3.0,0.0,4.0,0.0,6.0,0.0,6.0,0.0,7.0,0.0,9.0
0.0,9.0,13.0,97.0,0.0,7.0,0.0,8.0,0.0,3.0,0.0,4.0,0.0,6.0,0.0,6.0,0.0,7.0
0.0,9.0,13.0,98.0,0.0,9.0,0.0,7.0,0.0,8.0,0.0,3.0,0.0,4.0,0.0,6.0,0.0,6.0
0.0,5.0,13.0,99.0,0.0,9.0,0.0,9.0,0.0,7.0,0.0,8.0,0.0,3.0,0.0,4.0,0.0,6.0
0.0,10.0,13.0,100.0,0.0,5.0,0.0,9.0,0.0,9.0,0.0,7.0,0.0,8.0,0.0,3.0,0.0,4.0
0.0,2.0,13.0,101.0,0.0,10.0,0.0,5.0,0.0,9.0,0.0,9.0,0.0,7.0,0.0,8.0,0.0,3.0
0.0,4.0,13.0,102.0,0.0,2.0,0.0,10.0,0.0,5.0,0.0,9.0,0.0,9.0,0.0,7.0,0.0,8.0
0.0,4.0,13.0,103.0,0.0,4.0,0.0,2.0,0.0,10.0,0.0,5.0,0.0,9.0,0.0,9.0,0.0,7.0
0.0,3.0,13.0,104.0,0.0,4.0,0.0,4.0,0.0,2.0,0.0,10.0,0.0,5.0,0.0,9.0,0.0,9.0
0.0,3.0,13.0,105.0,0.0,3.0,0.0,4.0,0.0,4.0,0.0,2.0,0.0,10.0,0.0,5.0,0.0,9.0
0.0,4.0,13.0,106.0,0.0,3.0,0.0,3.0,0.0,4.0,0.0,4.0,0.0,2.0,0.0,10.0,0.0,5.0
0.0,4.0,13.0,107.0,0.0,4.0,0.0,3.0,0.0,3.0,0.0,4.0,0.0,4.0,0.0,2.0,0.0,10.0
0.0,1.0,13.0,108.0,0.0,4.0,0.0,4.0,0.0,3.0,0.0,3.0,0.0,4.0,0.0,4.0,0.0,2.0
0.0,7.0,13.0,109.0,0.0,1.0,0.0,4.0,0.0,4.0,0.0,3.0,0.0,3.0,0.0,4.0,0.0,4.0
0.0,5.0,13.0,110.0,0.0,7.0,0.0,1.0,0.0,4.0,0.0,4.0,0.0,3.0,0.0,3.0,0.0,4.0
0.0,4.0,13.0,111.0,0.0,5.0,0.0,7.0,0.0,1.0,0.0,4.0,0.0,4.0,0.0,3.0,0.0,3.0
0.0,4.0,13.0,112.0,0.0,4.0,0.0,5.0,0.0,7.0,0.0,1.0,0.0,4.0,0.0,4.0,0.0,3.0
0.0,13.0,13.0,113.0,0.0,4.0,0.0,4.0,0.0,5.0,0.0,7.0,0.0,1.0,0.0,4.0,0.0,4.0
0.0,9.0,13.0,114.0,0.0,13.0,0.0,4.0,0.0,4.0,0.0,5.0,0.0,7.0,0.0,1.0,0.0,4.0
0.0,2.0,13.0,115.0,0.0,9.0,0.0,13.0,0.0,4.0,0.0,4.0,0.0,5.0,0.0,7.0,0.0,1.0
0.0,11.0,13.0,116.0,0.0,2.0,0.0,9.0,0.0,13.0,0.0,4.0,0.0,4.0,0.0,5.0,0.0,7.0
0.0,13.0,13.0,117.0,0.0,11.0,0.0,2.0,0.0,9.0,0.0,13.0,0.0,4.0,0.0,4.0,0.0,5.0
0.0,10.0,13.0,118.0,0.0,13.0,0.0,11.0,0.0,2.0,0.0,9.0,0.0,13.0,0.0,4.0,0.0,4.0
0.0,11.0,13.0,119.0,0.0,10.0,0.0,13.0,0.0,11.0,0.0,2.0,0.0,9.0,0.0,13.0,0.0,4.0
0.0,5.0,13.0,120.0,0.0,11.0,0.0,10.0,0.0,13.0,0.0,11.0,0.0,2.0,0.0,9.0,0.0,13.0
0.0,8.0,13.0,121.0,0.0,5.0,0.0,11.0,0.0,10.0,0.0,13.0,0.0,11.0,0.0,2.0,0.0,9.0
0.0,3.0,13.0,122.0,0.0,8.0,0.0,5.0,0.0,11.0,0.0,10.0,0.0,13.0,0.0,11.0,0.0,2.0
0.0,4.0,13.0,123.0,0.0,3.0,0.0,8.0,0.0,5.0,0.0,11.0,0.0,10.0,0.0,13.0,0.0,11.0
0.0,4.0,13.0,124.0,0.0,4.0,0.0,3.0,0.0,8.0,0.0,5.0,0.0,11.0,0.0,10.0,0.0,13.0
0.0,3.0,13.0,125.0,0.0,4.0,0.0,4.0,0.0,3.0,0.0,8.0,0.0,5.0,0.0,11.0,0.0,10.0
0.0,6.0,13.0,126.0,0.0,3.0,0.0,4.0,0.0,4.0,0.0,3.0,0.0,8.0,0.0,5.0,0.0,11.0
0.0,6.0,13.0,127.0,0.0,6.0,0.0,3.0,0.0,4.0,0.0,4.0,0.0,3.0,0.0,8.0,0.0,5.0
0.0,10.0,13.0,128.0,0.0,6.0,0.0,6.0,0.0,3.0,0.0,4.0,0.0,4.0,0.0,3.0,0.0,8.0
0.0,3.0,13.0,129.0,0.0,10.0,0.0,6.0,0.0,6.0,0.0,3.0,0.0,4.0,0.0,4.0,0.0,3.0
0.0,10.0,13.0,130.0,0.0,3.0,0.0,10.0,0.0,6.0,0.0,6.0,0.0,3.0,0.0,4.0,0.0,4.0
0.0,2.0,13.0,131.0,0.0,10.0,0.0,3.0,0.0,10.0,0.0,6.0,0.0,6.0,0.0,3.0,0.0,4.0
0.0,8.0,13.0,132.0,0.0,2.0,0.0,10.0,0.0,3.0,0.0,10.0,0.0,6.0,0.0,6.0,0.0,3.0
0.0,11.0,13.0,133.0,0.0,8.0,0.0,2.0,0.0,10.0,0.0,3.0,0.0,10.0,0.0,6.0,0.0,6.0
0.0,7.0,13.0,134.0,0.0,11.0,0.0,8.0,0.0,2.0,0.0,10.0,0.0,3.0,0.0,10.0,0.0,6.0
0.0,11.0,13.0,135.0,0.0,7.0,0.0,11.0,0.0,8.0,0.0,2.0,0.0,10.0,0.0,3.0,0.0,10.0
0.0,8.0,13.0,136.0,0.0,11.0,0.0,7.0,0.0,11.0,0.0,8.0,0.0,2.0,0.0,10.0,0.0,3.0
0.0,11.0,13.0,137.0,0.0,8.0,0.0,11.0,0.0,7.0,0.0,11.0,0.0,8.0,0.0,2.0,0.0,10.0
0.0,3.0,13.0,138.0,0.0,11.0,0.0,8.0,0.0,11.0,0.0,7.0,0.0,11.0,0.0,8.0,0.0,2.0
0.0,8.0,13.0,139.0,0.0,3.0,0.0,11.0,0.0,8.0,0.0,11.0,0.0,7.0,0.0,11.0,0.0,8.0
0.0,12.0,13.0,140.0,0.0,8.0,0.0,3.0,0.0,11.0,0.0,8.0,0.0,11.0,0.0,7.0,0.0,11.0
0.0,13.0,13.0,141.0,0.0,12.0,0.0,8.0,0.0,3.0,0.0,11.0,0.0,8.0,0.0,11.0,0.0,7.0
0.0,10.0,13.0,142.0,0.0,13.0,0.0,12.0,0.0,8.0,0.0,3.0,0.0,11.0,0.0,8.0,0.0,11.0
0.0,10.0,13.0,143.0,0.0,10.0,0.0,13.0,0.0,12.0,0.0,8.0,0.0,3.0,0.0,11.0,0.0,8.0
0.0,7.0,13.0,144.0,0.0,10.0,0.0,10.0,0.0,13.0,0.0,12.0,0.0,8.0,0.0,3.0,0.0,11.0
0.0,7.0,13.0,145.0,0.0,7.0,0.0,10.0,0.0,10.0,0.0,13.0,0.0,12.0,0.0,8.0,0.0,3.0
0.0,20.0,13.0,146.0,0.0,7.0,0.0,7.0,0.0,10.0,0.0,10.0,0.0,13.0,0.0,12.0,0.0,8.0
0.0,22.0,13.0,147.0,0.0,20.0,0.0,7.0,0.0,7.0,0.0,10.0,0.0,10.0,0.0,13.0,0.0,12.0
0.0,12.0,13.0,148.0,0.0,22.0,0.0,20.0,0.0,7.0,0.0,7.0,0.0,10.0,0.0,10.0,0.0,13.0
0.0,6.0,13.0,149.0,0.0,12.0,0.0,22.0,0.0,20.0,0.0,7.0,0.0,7.0,0.0,10.0,0.0,10.0
0.0,6.0,13.0,150.0,0.0,6.0,0.0,12.0,0.0,22.0,0.0,20.0,0.0,7.0,0.0,7.0,0.0,10.0
0.0,7.0,13.0,151.0,0.0,6.0,0.0,6.0,0.0,12.0,0.0,22.0,0.0,20.0,0.0,7.0,0.0,7.0
0.0,7.0,13.0,152.0,0.0,7.0,0.0,6.0,0.0,6.0,0.0,12.0,0.0,22.0,0.0,20.0,0.0,7.0
0.0,4.0,13.0,153.0,0.0,7.0,0.0,7.0,0.0,6.0,0.0,6.0,0.0,12.0,0.0,22.0,0.0,20.0
0.0,4.0,13.0,154.0,0.0,4.0,0.0,7.0,0.0,7.0,0.0,6.0,0.0,6.0,0.0,12.0,0.0,22.0
0.0,6.0,13.0,155.0,0.0,4.0,0.0,4.0,0.0,7.0,0.0,7.0,0.0,6.0,0.0,6.0,0.0,12.0
0.0,13.0,13.0,156.0,0.0,6.0,0.0,4.0,0.0,4.0,0.0,7.0,0.0,7.0,0.0,6.0,0.0,6.0
0.0,11.0,13.0,157.0,0.0,13.0,0.0,6.0,0.0,4.0,0.0,4.0,0.0,7.0,0.0,7.0,0.0,6.0
0.0,3.0,13.0,158.0,0.0,11.0,0.0,13.0,0.0,6.0,0.0,4.0,0.0,4.0,0.0,7.0,0.0,7.0
0.0,6.0,13.0,159.0,0.0,3.0,0.0,11.0,0.0,13.0,0.0,6.0,0.0,4.0,0.0,4.0,0.0,7.0
0.0,3.0,13.0,160.0,0.0,6.0,0.0,3.0,0.0,11.0,0.0,13.0,0.0,6.0,0.0,4.0,0.0,4.0
0.0,4.0,13.0,161.0,0.0,3.0,0.0,6.0,0.0,3.0,0.0,11.0,0.0,13.0,0.0,6.0,0.0,4.0
0.0,12.0,13.0,162.0,0.0,4.0,0.0,3.0,0.0,6.0,0.0,3.0,0.0,11.0,0.0,13.0,0.0,6.0
0.0,10.0,13.0,163.0,0.0,12.0,0.0,4.0,0.0,3.0,0.0,6.0,0.0,3.0,0.0,11.0,0.0,13.0
0.0,4.0,13.0,164.0,0.0,10.0,0.0,12.0,0.0,4.0,0.0,3.0,0.0,6.0,0.0,3.0,0.0,11.0
0.0,7.0,13.0,165.0,0.0,4.0,0.0,10.0,0.0,12.0,0.0,4.0,0.0,3.0,0.0,6.0,0.0,3.0
0.0,8.0,13.0,166.0,0.0,7.0,0.0,4.0,0.0,10.0,0.0,12.0,0.0,4.0,0.0,3.0,0.0,6.0
0.0,10.0,13.0,167.0,0.0,8.0,0.0,7.0,0.0,4.0,0.0,10.0,0.0,12.0,0.0,4.0,0.0,3.0
0.0,7.0,13.0,168.0,0.0,10.0,0.0,8.0,0.0,7.0,0.0,4.0,0.0,10.0,0.0,12.0,0.0,4.0
0.0,7.0,13.0,169.0,0.0,7.0,0.0,10.0,0.0,8.0,0.0,7.0,0.0,4.0,0.0,10.0,0.0,12.0
0.0,5.0,13.0,170.0,0.0,7.0,0.0,7.0,0.0,10.0,0.0,8.0,0.0,7.0,0.0,4.0,0.0,10.0
0.0,9.0,13.0,171.0,0.0,5.0,0.0,7.0,0.0,7.0,0.0,10.0,0.0,8.0,0.0,7.0,0.0,4.0
0.0,3.0,13.0,172.0,0.0,9.0,0.0,5.0,0.0,7.0,0.0,7.0,0.0,10.0,0.0,8.0,0.0,7.0
1.0,9.0,13.0,173.0,0.0,3.0,0.0,9.0,0.0,5.0,0.0,7.0,0.0,7.0,0.0,10.0,0.0,8.0
3.0,8.0,13.0,174.0,1.0,9.0,0.0,3.0,0.0,9.0,0.0,5.0,0.0,7.0,0.0,7.0,0.0,10.0
0.0,4.0,13.0,175.0,3.0,8.0,1.0,9.0,0.0,3.0,0.0,9.0,0.0,5.0,0.0,7.0,0.0,7.0
0.0,11.0,13.0,176.0,0.0,4.0,3.0,8.0,1.0,9.0,0.0,3.0,0.0,9.0,0.0,5.0,0.0,7.0
1.0,17.0,13.0,177.0,0.0,11.0,0.0,4.0,3.0,8.0,1.0,9.0,0.0,3.0,0.0,9.0,0.0,5.0
0.0,5.0,13.0,178.0,1.0,17.0,0.0,11.0,0.0,4.0,3.0,8.0,1.0,9.0,0.0,3.0,0.0,9.0
0.0,7.0,13.0,179.0,0.0,5.0,1.0,17.0,0.0,11.0,0.0,4.0,3.0,8.0,1.0,9.0,0.0,3.0
0.0,14.0,13.0,180.0,0.0,7.0,0.0,5.0,1.0,17.0,0.0,11.0,0.0,4.0,3.0,8.0,1.0,9.0
0.0,10.0,13.0,181.0,0.0,14.0,0.0,7.0,0.0,5.0,1.0,17.0,0.0,11.0,0.0,4.0,3.0,8.0
0.0,1.0,13.0,182.0,0.0,10.0,0.0,14.0,0.0,7.0,0.0,5.0,1.0,17.0,0.0,11.0,0.0,4.0
0.0,4.0,13.0,183.0,0.0,1.0,0.0,10.0,0.0,14.0,0.0,7.0,0.0,5.0,1.0,17.0,0.0,11.0
0.0,6.0,13.0,184.0,0.0,4.0,0.0,1.0,0.0,10.0,0.0,14.0,0.0,7.0,0.0,5.0,1.0,17.0
0.0,6.0,13.0,185.0,0.0,6.0,0.0,4.0,0.0,1.0,0.0,10.0,0.0,14.0,0.0,7.0,0.0,5.0
0.0,6.0,13.0,186.0,0.0,6.0,0.0,6.0,0.0,4.0,0.0,1.0,0.0,10.0,0.0,14.0,0.0,7.0
0.0,13.0,13.0,187.0,0.0,6.0,0.0,6.0,0.0,6.0,0.0,4.0,0.0,1.0,0.0,10.0,0.0,14.0
0.0,7.0,13.0,188.0,0.0,13.0,0.0,6.0,0.0,6.0,0.0,6.0,0.0,4.0,0.0,1.0,0.0,10.0
0.0,15.0,13.0,189.0,0.0,7.0,0.0,13.0,0.0,6.0,0.0,6.0,0.0,6.0,0.0,4.0,0.0,1.0
0.0,11.0,13.0,190.0,0.0,15.0,0.0,7.0,0.0,13.0,0.0,6.0,0.0,6.0,0.0,6.0,0.0,4.0
0.0,14.0,13.0,191.0,0.0,11.0,0.0,15.0,0.0,7.0,0.0,13.0,0.0,6.0,0.0,6.0,0.0,6.0
0.0,3.0,13.0,192.0,0.0,14.0,0.0,11.0,0.0,15.0,0.0,7.0,0.0,13.0,0.0,6.0,0.0,6.0
0.0,5.0,13.0,193.0,0.0,3.0,0.0,14.0,0.0,11.0,0.0,15.0,0.0,7.0,0.0,13.0,0.0,6.0
0.0,4.0,13.0,194.0,0.0,5.0,0.0,3.0,0.0,14.0,0.0,11.0,0.0,15.0,0.0,7.0,0.0,13.0
0.0,9.0,13.0,195.0,0.0,4.0,0.0,5.0,0.0,3.0,0.0,14.0,0.0,11.0,0.0,15.0,0.0,7.0
0.0,1.0,13.0,196.0,0.0,9.0,0.0,4.0,0.0,5.0,0.0,3.0,0.0,14.0,0.0,11.0,0.0,15.0
0.0,7.0,13.0,197.0,0.0,1.0,0.0,9.0,0.0,4.0,0.0,5.0,0.0,3.0,0.0,14.0,0.0,11.0
0.0,6.0,13.0,198.0,0.0,7.0,0.0,1.0,0.0,9.0,0.0,4.0,0.0,5.0,0.0,3.0,0.0,14.0
0.0,4.0,13.0,199.0,0.0,6.0,0.0,7.0,0.0,1.0,0.0,9.0,0.0,4.0,0.0,5.0,0.0,3.0
0.0,6.0,13.0,200.0,0.0,4.0,0.0,6.0,0.0,7.0,0.0,1.0,0.0,9.0,0.0,4.0,0.0,5.0
0.0,5.0,13.0,201.0,0.0,6.0,0.0,4.0,0.0,6.0,0.0,7.0,0.0,1.0,0.0,9.0,0.0,4.0
0.0,3.0,13.0,202.0,0.0,5.0,0.0,6.0,0.0,4.0,0.0,6.0,0.0,7.0,0.0,1.0,0.0,9.0
0.0,4.0,13.0,203.0,0.0,3.0,0.0,5.0,0.0,6.0,0.0,4.0,0.0,6.0,0.0,7.0,0.0,1.0
0.0,3.0,13.0,204.0,0.0,4.0,0.0,3.0,0.0,5.0,0.0,6.0,0.0,4.0,0.0,6.0,0.0,7.0
0.0,7.0,13.0,205.0,0.0,3.0,0.0,4.0,0.0,3.0,0.0,5.0,0.0,6.0,0.0,4.0,0.0,6.0
0.0,6.0,13.0,206.0,0.0,7.0,0.0,3.0,0.0,4.0,0.0,3.0,0.0,5.0,0.0,6.0,0.0,4.0
0.0,8.0,13.0,207.0,0.0,6.0,0.0,7.0,0.0,3.0,0.0,4.0,0.0,3.0,0.0,5.0,0.0,6.0
0.0,8.0,13.0,208.0,0.0,8.0,0.0,6.0,0.0,7.0,0.0,3.0,0.0,4.0,0.0,3.0,0.0,5.0
0.0,4.0,13.0,209.0,0.0,8.0,0.0,8.0,0.0,6.0,0.0,7.0,0.0,3.0,0.0,4.0,0.0,3.0
0.0,4.0,13.0,210.0,0.0,4.0,0.0,8.0,0.0,8.0,0.0,6.0,0.0,7.0,0.0,3.0,0.0,4.0
0.0,9.0,13.0,211.0,0.0,4.0,0.0,4.0,0.0,8.0,0.0,8.0,0.0,6.0,0.0,7.0,0.0,3.0
0.0,8.0,13.0,212.0,0.0,9.0,0.0,4.0,0.0,4.0,0.0,8.0,0.0,8.0,0.0,6.0,0.0,7.0
0.0,7.0,13.0,213.0,0.0,8.0,0.0,9.0,0.0,4.0,0.0,4.0,0.0,8.0,0.0,8.0,0.0,6.0
0.0,4.0,13.0,214.0,0.0,7.0,0.0,8.0,0.0,9.0,0.0,4.0,0.0,4.0,0.0,8.0,0.0,8.0
0.0,4.0,13.0,215.0,0.0,4.0,0.0,7.0,0.0,8.0,0.0,9.0,0.0,4.0,0.0,4.0,0.0,8.0
0.0,7.0,13.0,216.0,0.0,4.0,0.0,4.0,0.0,7.0,0.0,8.0,0.0,9.0,0.0,4.0,0.0,4.0
0.0,6.0,13.0,217.0,0.0,7.0,0.0,4.0,0.0,4.0,0.0,7.0,0.0,8.0,0.0,9.0,0.0,4.0
0.0,1.0,13.0,218.0,0.0,6.0,0.0,7.0,0.0,4.0,0.0,4.0,0.0,7.0,0.0,8.0,0.0,9.0
0.0,2.0,13.0,219.0,0.0,1.0,0.0,6.0,0.0,7.0,0.0,4.0,0.0,4.0,0.0,7.0,0.0,8.0
0.0,2.0,13.0,220.0,0.0,2.0,0.0,1.0,0.0,6.0,0.0,7.0,0.0,4.0,0.0,4.0,0.0,7.0
0.0,5.0,13.0,221.0,0.0,2.0,0.0,2.0,0.0,1.0,0.0,6.0,0.0,7.0,0.0,4.0,0.0,4.0
1.0,10.0,13.0,222.0,0.0,5.0,0.0,2.0,0.0,2.0,0.0,1.0,0.0,6.0,0.0,7.0,0.0,4.0
0.0,4.0,13.0,223.0,1.0,10.0,0.0,5.0,0.0,2.0,0.0,2.0,0.0,1.0,0.0,6.0,0.0,7.0
0.0,8.0,13.0,224.0,0.0,4.0,1.0,10.0,0.0,5.0,0.0,2.0,0.0,2.0,0.0,1.0,0.0,6.0
0.0,9.0,13.0,225.0,0.0,8.0,0.0,4.0,1.0,10.0,0.0,5.0,0.0,2.0,0.0,2.0,0.0,1.0
0.0,11.0,13.0,226.0,0.0,9.0,0.0,8.0,0.0,4.0,1.0,10.0,0.0,5.0,0.0,2.0,0.0,2.0
0.0,13.0,13.0,227.0,0.0,11.0,0.0,9.0,0.0,8.0,0.0,4.0,1.0,10.0,0.0,5.0,0.0,2.0
0.0,8.0,13.0,228.0,0.0,13.0,0.0,11.0,0.0,9.0,0.0,8.0,0.0,4.0,1.0,10.0,0.0,5.0
0.0,12.0,13.0,229.0,0.0,8.0,0.0,13.0,0.0,11.0,0.0,9.0,0.0,8.0,0.0,4.0,1.0,10.0
0.0,36.0,13.0,230.0,0.0,12.0,0.0,8.0,0.0,13.0,0.0,11.0,0.0,9.0,0.0,8.0,0.0,4.0
0.0,21.0,13.0,231.0,0.0,36.0,0.0,12.0,0.0,8.0,0.0,13.0,0.0,11.0,0.0,9.0,0.0,8.0
0.0,11.0,13.0,232.0,0.0,21.0,0.0,36.0,0.0,12.0,0.0,8.0,0.0,13.0,0.0,11.0,0.0,9.0
0.0,7.0,13.0,233.0,0.0,11.0,0.0,21.0,0.0,36.0,0.0,12.0,0.0,8.0,0.0,13.0,0.0,11.0
0.0,9.0,13.0,234.0,0.0,7.0,0.0,11.0,0.0,21.0,0.0,36.0,0.0,12.0,0.0,8.0,0.0,13.0
0.0,9.0,13.0,235.0,0.0,9.0,0.0,7.0,0.0,11.0,0.0,21.0,0.0,36.0,0.0,12.0,0.0,8.0
0.0,2.0,13.0,236.0,0.0,9.0,0.0,9.0,0.0,7.0,0.0,11.0,0.0,21.0,0.0,36.0,0.0,12.0
0.0,4.0,13.0,237.0,0.0,2.0,0.0,9.0,0.0,9.0,0.0,7.0,0.0,11.0,0.0,21.0,0.0,36.0
0.0,6.0,13.0,238.0,0.0,4.0,0.0,2.0,0.0,9.0,0.0,9.0,0.0,7.0,0.0,11.0,0.0,21.0
0.0,8.0,13.0,239.0,0.0,6.0,0.0,4.0,0.0,2.0,0.0,9.0,0.0,9.0,0.0,7.0,0.0,11.0
0.0,5.0,13.0,240.0,0.0,8.0,0.0,6.0,0.0,4.0,0.0,2.0,0.0,9.0,0.0,9.0,0.0,7.0
0.0,5.0,13.0,241.0,0.0,5.0,0.0,8.0,0.0,6.0,0.0,4.0,0.0,2.0,0.0,9.0,0.0,9.0
0.0,8.0,13.0,242.0,0.0,5.0,0.0,5.0,0.0,8.0,0.0,6.0,0.0,4.0,0.0,2.0,0.0,9.0
0.0,9.0,13.0,243.0,0.0,8.0,0.0,5.0,0.0,5.0,0.0,8.0,0.0,6.0,0.0,4.0,0.0,2.0
0.0,7.0,13.0,244.0,0.0,9.0,0.0,8.0,0.0,5.0,0.0,5.0,0.0,8.0,0.0,6.0,0.0,4.0
0.0,4.0,13.0,245.0,0.0,7.0,0.0,9.0,0.0,8.0,0.0,5.0,0.0,5.0,0.0,8.0,0.0,6.0
0.0,5.0,13.0,246.0,0.0,4.0,0.0,7.0,0.0,9.0,0.0,8.0,0.0,5.0,0.0,5.0,0.0,8.0
0.0,5.0,13.0,247.0,0.0,5.0,0.0,4.0,0.0,7.0,0.0,9.0,0.0,8.0,0.0,5.0,0.0,5.0
0.0,3.0,13.0,248.0,0.0,5.0,0.0,5.0,0.0,4.0,0.0,7.0,0.0,9.0,0.0,8.0,0.0,5.0
0.0,6.0,13.0,249.0,0.0,3.0,0.0,5.0,0.0,5.0,0.0,4.0,0.0,7.0,0.0,9.0,0.0,8.0
0.0,4.0,13.0,250.0,0.0,6.0,0.0,3.0,0.0,5.0,0.0,5.0,0.0,4.0,0.0,7.0,0.0,9.0
0.0,18.0,13.0,251.0,0.0,4.0,0.0,6.0,0.0,3.0,0.0,5.0,0.0,5.0,0.0,4.0,0.0,7.0
0.0,10.0,13.0,252.0,0.0,18.0,0.0,4.0,0.0,6.0,0.0,3.0,0.0,5.0,0.0,5.0,0.0,4.0
0.0,8.0,13.0,253.0,0.0,10.0,0.0,18.0,0.0,4.0,0.0,6.0,0.0,3.0,0.0,5.0,0.0,5.0
0.0,18.0,13.0,254.0,0.0,8.0,0.0,10.0,0.0,18.0,0.0,4.0,0.0,6.0,0.0,3.0,0.0,5.0
0.0,8.0,13.0,255.0,0.0,18.0,0.0,8.0,0.0,10.0,0.0,18.0,0.0,4.0,0.0,6.0,0.0,3.0
0.0,9.0,13.0,256.0,0.0,8.0,0.0,18.0,0.0,8.0,0.0,10.0,0.0,18.0,0.0,4.0,0.0,6.0
0.0,17.0,13.0,257.0,0.0,9.0,0.0,8.0,0.0,18.0,0.0,8.0,0.0,10.0,0.0,18.0,0.0,4.0
0.0,14.0,13.0,258.0,0.0,17.0,0.0,9.0,0.0,8.0,0.0,18.0,0.0,8.0,0.0,10.0,0.0,18.0
0.0,15.0,13.0,259.0,0.0,14.0,0.0,17.0,0.0,9.0,0.0,8.0,0.0,18.0,0.0,8.0,0.0,10.0
1.0,6.0,13.0,260.0,0.0,15.0,0.0,14.0,0.0,17.0,0.0,9.0,0.0,8.0,0.0,18.0,0.0,8.0
0.0,6.0,13.0,261.0,1.0,6.0,0.0,15.0,0.0,14.0,0.0,17.0,0.0,9.0,0.0,8.0,0.0,18.0
0.0,10.0,13.0,262.0,0.0,6.0,1.0,6.0,0.0,15.0,0.0,14.0,0.0,17.0,0.0,9.0,0.0,8.0
0.0,4.0,13.0,263.0,0.0,10.0,0.0,6.0,1.0,6.0,0.0,15.0,0.0,14.0,0.0,17.0,0.0,9.0
0.0,9.0,13.0,264.0,0.0,4.0,0.0,10.0,0.0,6.0,1.0,6.0,0.0,15.0,0.0,14.0,0.0,17.0
0.0,16.0,13.0,265.0,0.0,9.0,0.0,4.0,0.0,10.0,0.0,6.0,1.0,6.0,0.0,15.0,0.0,14.0
0.0,3.0,13.0,266.0,0.0,16.0,0.0,9.0,0.0,4.0,0.0,10.0,0.0,6.0,1.0,6.0,0.0,15.0
1.0,9.0,13.0,267.0,0.0,3.0,0.0,16.0,0.0,9.0,0.0,4.0,0.0,10.0,0.0,6.0,1.0,6.0
0.0,15.0,13.0,268.0,1.0,9.0,0.0,3.0,0.0,16.0,0.0,9.0,0.0,4.0,0.0,10.0,0.0,6.0
1.0,5.0,13.0,269.0,0.0,15.0,1.0,9.0,0.0,3.0,0.0,16.0,0.0,9.0,0.0,4.0,0.0,10.0
0.0,2.0,13.0,270.0,1.0,5.0,0.0,15.0,1.0,9.0,0.0,3.0,0.0,16.0,0.0,9.0,0.0,4.0
1.0,9.0,13.0,271.0,0.0,2.0,1.0,5.0,0.0,15.0,1.0,9.0,0.0,3.0,0.0,16.0,0.0,9.0
0.0,9.0,13.0,272.0,1.0,9.0,0.0,2.0,1.0,5.0,0.0,15.0,1.0,9.0,0.0,3.0,0.0,16.0
0.0,8.0,13.0,273.0,0.0,9.0,1.0,9.0,0.0,2.0,1.0,5.0,0.0,15.0,1.0,9.0,0.0,3.0
0.0,10.0,13.0,274.0,0.0,8.0,0.0,9.0,1.0,9.0,0.0,2.0,1.0,5.0,0.0,15.0,1.0,9.0
0.0,16.0,13.0,275.0,0.0,10.0,0.0,8.0,0.0,9.0,1.0,9.0,0.0,2.0,1.0,5.0,0.0,15.0
1.0,4.0,13.0,276.0,0.0,16.0,0.0,10.0,0.0,8.0,0.0,9.0,1.0,9.0,0.0,2.0,1.0,5.0
1.0,8.0,13.0,277.0,1.0,4.0,0.0,16.0,0.0,10.0,0.0,8.0,0.0,9.0,1.0,9.0,0.0,2.0
1.0,6.0,13.0,278.0,1.0,8.0,1.0,4.0,0.0,16.0,0.0,10.0,0.0,8.0,0.0,9.0,1.0,9.0
1.0,14.0,13.0,279.0,1.0,6.0,1.0,8.0,1.0,4.0,0.0,16.0,0.0,10.0,0.0,8.0,0.0,9.0
0.0,6.0,13.0,280.0,1.0,14.0,1.0,6.0,1.0,8.0,1.0,4.0,0.0,16.0,0.0,10.0,0.0,8.0
0.0,15.0,13.0,281.0,0.0,6.0,1.0,14.0,1.0,6.0,1.0,8.0,1.0,4.0,0.0,16.0,0.0,10.0
0.0,10.0,13.0,282.0,0.0,15.0,0.0,6.0,1.0,14.0,1.0,6.0,1.0,8.0,1.0,4.0,0.0,16.0
1.0,12.0,13.0,283.0,0.0,10.0,0.0,15.0,0.0,6.0,1.0,14.0,1.0,6.0,1.0,8.0,1.0,4.0
0.0,10.0,13.0,284.0,1.0,12.0,0.0,10.0,0.0,15.0,0.0,6.0,1.0,14.0,1.0,6.0,1.0,8.0
0.0,15.0,13.0,285.0,0.0,10.0,1.0,12.0,0.0,10.0,0.0,15.0,0.0,6.0,1.0,14.0,1.0,6.0
0.0,5.0,13.0,286.0,0.0,15.0,0.0,10.0,1.0,12.0,0.0,10.0,0.0,15.0,0.0,6.0,1.0,14.0
0.0,9.0,13.0,287.0,0.0,5.0,0.0,15.0,0.0,10.0,1.0,12.0,0.0,10.0,0.0,15.0,0.0,6.0
0.0,7.0,13.0,288.0,0.0,9.0,0.0,5.0,0.0,15.0,0.0,10.0,1.0,12.0,0.0,10.0,0.0,15.0
1.0,9.0,13.0,289.0,0.0,7.0,0.0,9.0,0.0,5.0,0.0,15.0,0.0,10.0,1.0,12.0,0.0,10.0
1.0,7.0,13.0,290.0,1.0,9.0,0.0,7.0,0.0,9.0,0.0,5.0,0.0,15.0,0.0,10.0,1.0,12.0
0.0,7.0,13.0,291.0,1.0,7.0,1.0,9.0,0.0,7.0,0.0,9.0,0.0,5.0,0.0,15.0,0.0,10.0
1.0,7.0,13.0,292.0,0.0,7.0,1.0,7.0,1.0,9.0,0.0,7.0,0.0,9.0,0.0,5.0,0.0,15.0
0.0,5.0,13.0,293.0,1.0,7.0,0.0,7.0,1.0,7.0,1.0,9.0,0.0,7.0,0.0,9.0,0.0,5.0
1.0,8.0,13.0,294.0,0.0,5.0,1.0,7.0,0.0,7.0,1.0,7.0,1.0,9.0,0.0,7.0,0.0,9.0
1.0,7.0,13.0,295.0,1.0,8.0,0.0,5.0,1.0,7.0,0.0,7.0,1.0,7.0,1.0,9.0,0.0,7.0
2.0,6.0,13.0,296.0,1.0,7.0,1.0,8.0,0.0,5.0,1.0,7.0,0.0,7.0,1.0,7.0,1.0,9.0
0.0,6.0,13.0,297.0,2.0,6.0,1.0,7.0,1.0,8.0,0.0,5.0,1.0,7.0,0.0,7.0,1.0,7.0
1.0,5.0,13.0,298.0,0.0,6.0,2.0,6.0,1.0,7.0,1.0,8.0,0.0,5.0,1.0,7.0,0.0,7.0
0.0,3.0,13.0,299.0,1.0,5.0,0.0,6.0,2.0,6.0,1.0,7.0,1.0,8.0,0.0,5.0,1.0,7.0
1.0,6.0,13.0,300.0,0.0,3.0,1.0,5.0,0.0,6.0,2.0,6.0,1.0,7.0,1.0,8.0,0.0,5.0
0.0,2.0,13.0,301.0,1.0,6.0,0.0,3.0,1.0,5.0,0.0,6.0,2.0,6.0,1.0,7.0,1.0,8.0
1.0,13.0,13.0,302.0,0.0,2.0,1.0,6.0,0.0,3.0,1.0,5.0,0.0,6.0,2.0,6.0,1.0,7.0
1.0,17.0,13.0,303.0,1.0,13.0,0.0,2.0,1.0,6.0,0.0,3.0,1.0,5.0,0.0,6.0,2.0,6.0
0.0,10.0,13.0,304.0,1.0,17.0,1.0,13.0,0.0,2.0,1.0,6.0,0.0,3.0,1.0,5.0,0.0,6.0
0.0,7.0,13.0,305.0,0.0,10.0,1.0,17.0,1.0,13.0,0.0,2.0,1.0,6.0,0.0,3.0,1.0,5.0
0.0,15.0,13.0,306.0,0.0,7.0,0.0,10.0,1.0,17.0,1.0,13.0,0.0,2.0,1.0,6.0,0.0,3.0
0.0,16.0,13.0,307.0,0.0,15.0,0.0,7.0,0.0,10.0,1.0,17.0,1.0,13.0,0.0,2.0,1.0,6.0
0.0,17.0,13.0,308.0,0.0,16.0,0.0,15.0,0.0,7.0,0.0,10.0,1.0,17.0,1.0,13.0,0.0,2.0
3.0,23.0,13.0,309.0,0.0,17.0,0.0,16.0,0.0,15.0,0.0,7.0,0.0,10.0,1.0,17.0,1.0,13.0
0.0,22.0,13.0,310.0,3.0,23.0,0.0,17.0,0.0,16.0,0.0,15.0,0.0,7.0,0.0,10.0,1.0,17.0
0.0,12.0,13.0,311.0,0.0,22.0,3.0,23.0,0.0,17.0,0.0,16.0,0.0,15.0,0.0,7.0,0.0,10.0
1.0,13.0,13.0,312.0,0.0,12.0,0.0,22.0,3.0,23.0,0.0,17.0,0.0,16.0,0.0,15.0,0.0,7.0
0.0,14.0,13.0,313.0,1.0,13.0,0.0,12.0,0.0,22.0,3.0,23.0,0.0,17.0,0.0,16.0,0.0,15.0
0.0,12.0,13.0,314.0,0.0,14.0,1.0,13.0,0.0,12.0,0.0,22.0,3.0,23.0,0.0,17.0,0.0,16.0
1.0,28.0,13.0,315.0,0.0,12.0,0.0,14.0,1.0,13.0,0.0,12.0,0.0,22.0,3.0,23.0,0.0,17.0
1.0,9.0,13.0,316.0,1.0,28.0,0.0,12.0,0.0,14.0,1.0,13.0,0.0,12.0,0.0,22.0,3.0,23.0
0.0,6.0,13.0,317.0,1.0,9.0,1.0,28.0,0.0,12.0,0.0,14.0,1.0,13.0,0.0,12.0,0.0,22.0
0.0,3.0,13.0,318.0,0.0,6.0,1.0,9.0,1.0,28.0,0.0,12.0,0.0,14.0,1.0,13.0,0.0,12.0
0.0,8.0,13.0,319.0,0.0,3.0,0.0,6.0,1.0,9.0,1.0,28.0,0.0,12.0,0.0,14.0,1.0,13.0
0.0,10.0,13.0,320.0,0.0,8.0,0.0,3.0,0.0,6.0,1.0,9.0,1.0,28.0,0.0,12.0,0.0,14.0
0.0,7.0,13.0,321.0,0.0,10.0,0.0,8.0,0.0,3.0,0.0,6.0,1.0,9.0,1.0,28.0,0.0,12.0
0.0,15.0,13.0,322.0,0.0,7.0,0.0,10.0,0.0,8.0,0.0,3.0,0.0,6.0,1.0,9.0,1.0,28.0
0.0,10.0,13.0,323.0,0.0,15.0,0.0,7.0,0.0,10.0,0.0,8.0,0.0,3.0,0.0,6.0,1.0,9.0
0.0,12.0,13.0,324.0,0.0,10.0,0.0,15.0,0.0,7.0,0.0,10.0,0.0,8.0,0.0,3.0,0.0,6.0
0.0,16.0,13.0,325.0,0.0,12.0,0.0,10.0,0.0,15.0,0.0,7.0,0.0,10.0,0.0,8.0,0.0,3.0
1.0,15.0,13.0,326.0,0.0,16.0,0.0,12.0,0.0,10.0,0.0,15.0,0.0,7.0,0.0,10.0,0.0,8.0
1.0,8.0,13.0,327.0,1.0,15.0,0.0,16.0,0.0,12.0,0.0,10.0,0.0,15.0,0.0,7.0,0.0,10.0
1.0,19.0,13.0,328.0,1.0,8.0,1.0,15.0,0.0,16.0,0.0,12.0,0.0,10.0,0.0,15.0,0.0,7.0
0.0,10.0,13.0,329.0,1.0,19.0,1.0,8.0,1.0,15.0,0.0,16.0,0.0,12.0,0.0,10.0,0.0,15.0
0.0,14.0,13.0,330.0,0.0,10.0,1.0,19.0,1.0,8.0,1.0,15.0,0.0,16.0,0.0,12.0,0.0,10.0
0.0,11.0,13.0,331.0,0.0,14.0,0.0,10.0,1.0,19.0,1.0,8.0,1.0,15.0,0.0,16.0,0.0,12.0
0.0,18.0,13.0,332.0,0.0,11.0,0.0,14.0,0.0,10.0,1.0,19.0,1.0,8.0,1.0,15.0,0.0,16.0
0.0,9.0,13.0,333.0,0.0,18.0,0.0,11.0,0.0,14.0,0.0,10.0,1.0,19.0,1.0,8.0,1.0,15.0
0.0,16.0,13.0,334.0,0.0,9.0,0.0,18.0,0.0,11.0,0.0,14.0,0.0,10.0,1.0,19.0,1.0,8.0
1.0,20.0,13.0,335.0,0.0,16.0,0.0,9.0,0.0,18.0,0.0,11.0,0.0,14.0,0.0,10.0,1.0,19.0
0.0,18.0,13.0,336.0,1.0,20.0,0.0,16.0,0.0,9.0,0.0,18.0,0.0,11.0,0.0,14.0,0.0,10.0
0.0,7.0,13.0,337.0,0.0,18.0,1.0,20.0,0.0,16.0,0.0,9.0,0.0,18.0,0.0,11.0,0.0,14.0
0.0,5.0,13.0,338.0,0.0,7.0,0.0,18.0,1.0,20.0,0.0,16.0,0.0,9.0,0.0,18.0,0.0,11.0
1.0,5.0,13.0,339.0,0.0,5.0,0.0,7.0,0.0,18.0,1.0,20.0,0.0,16.0,0.0,9.0,0.0,18.0
0.0,14.0,13.0,340.0,1.0,5.0,0.0,5.0,0.0,7.0,0.0,18.0,1.0,20.0,0.0,16.0,0.0,9.0
0.0,12.0,13.0,341.0,0.0,14.0,1.0,5.0,0.0,5.0,0.0,7.0,0.0,18.0,1.0,20.0,0.0,16.0
0.0,11.0,13.0,342.0,0.0,12.0,0.0,14.0,1.0,5.0,0.0,5.0,0.0,7.0,0.0,18.0,1.0,20.0
0.0,6.0,13.0,343.0,0.0,11.0,0.0,12.0,0.0,14.0,1.0,5.0,0.0,5.0,0.0,7.0,0.0,18.0
0.0,20.0,13.0,344.0,0.0,6.0,0.0,11.0,0.0,12.0,0.0,14.0,1.0,5.0,0.0,5.0,0.0,7.0
0.0,15.0,13.0,345.0,0.0,20.0,0.0,6.0,0.0,11.0,0.0,12.0,0.0,14.0,1.0,5.0,0.0,5.0
0.0,15.0,13.0,346.0,0.0,15.0,0.0,20.0,0.0,6.0,0.0,11.0,0.0,12.0,0.0,14.0,1.0,5.0
0.0,11.0,13.0,347.0,0.0,15.0,0.0,15.0,0.0,20.0,0.0,6.0,0.0,11.0,0.0,12.0,0.0,14.0
0.0,7.0,13.0,348.0,0.0,11.0,0.0,15.0,0.0,15.0,0.0,20.0,0.0,6.0,0.0,11.0,0.0,12.0
0.0,14.0,13.0,349.0,0.0,7.0,0.0,11.0,0.0,15.0,0.0,15.0,0.0,20.0,0.0,6.0,0.0,11.0
0.0,11.0,13.0,350.0,0.0,14.0,0.0,7.0,0.0,11.0,0.0,15.0,0.0,15.0,0.0,20.0,0.0,6.0
0.0,12.0,13.0,351.0,0.0,11.0,0.0,14.0,0.0,7.0,0.0,11.0,0.0,15.0,0.0,15.0,0.0,20.0
0.0,7.0,13.0,352.0,0.0,12.0,0.0,11.0,0.0,14.0,0.0,7.0,0.0,11.0,0.0,15.0,0.0,15.0
0.0,13.0,13.0,353.0,0.0,7.0,0.0,12.0,0.0,11.0,0.0,14.0,0.0,7.0,0.0,11.0,0.0,15.0
0.0,19.0,13.0,354.0,0.0,13.0,0.0,7.0,0.0,12.0,0.0,11.0,0.0,14.0,0.0,7.0,0.0,11.0
0.0,17.0,13.0,355.0,0.0,19.0,0.0,13.0,0.0,7.0,0.0,12.0,0.0,11.0,0.0,14.0,0.0,7.0
0.0,11.0,13.0,356.0,0.0,17.0,0.0,19.0,0.0,13.0,0.0,7.0,0.0,12.0,0.0,11.0,0.0,14.0
0.0,10.0,13.0,357.0,0.0,11.0,0.0,17.0,0.0,19.0,0.0,13.0,0.0,7.0,0.0,12.0,0.0,11.0
0.0,10.0,13.0,358.0,0.0,10.0,0.0,11.0,0.0,17.0,0.0,19.0,0.0,13.0,0.0,7.0,0.0,12.0
0.0,8.0,13.0,359.0,0.0,10.0,0.0,10.0,0.0,11.0,0.0,17.0,0.0,19.0,0.0,13.0,0.0,7.0
0.0,8.0,13.0,360.0,0.0,8.0,0.0,10.0,0.0,10.0,0.0,11.0,0.0,17.0,0.0,19.0,0.0,13.0
0.0,11.0,13.0,361.0,0.0,8.0,0.0,8.0,0.0,10.0,0.0,10.0,0.0,11.0,0.0,17.0,0.0,19.0
0.0,16.0,13.0,362.0,0.0,11.0,0.0,8.0,0.0,8.0,0.0,10.0,0.0,10.0,0.0,11.0,0.0,17.0
0.0,12.0,13.0,363.0,0.0,16.0,0.0,11.0,0.0,8.0,0.0,8.0,0.0,10.0,0.0,10.0,0.0,11.0
0.0,7.0,13.0,364.0,0.0,12.0,0.0,16.0,0.0,11.0,0.0,8.0,0.0,8.0,0.0,10.0,0.0,10.0
0.0,15.0,13.0,365.0,0.0,7.0,0.0,12.0,0.0,16.0,0.0,11.0,0.0,8.0,0.0,8.0,0.0,10.0
1.0,13.0,13.0,366.0,0.0,15.0,0.0,7.0,0.0,12.0,0.0,16.0,0.0,11.0,0.0,8.0,0.0,8.0
4.0,16.0,13.0,367.0,1.0,13.0,0.0,15.0,0.0,7.0,0.0,12.0,0.0,16.0,0.0,11.0,0.0,8.0
4.0,14.0,13.0,368.0,4.0,16.0,1.0,13.0,0.0,15.0,0.0,7.0,0.0,12.0,0.0,16.0,0.0,11.0
4.0,30.0,13.0,369.0,4.0,14.0,4.0,16.0,1.0,13.0,0.0,15.0,0.0,7.0,0.0,12.0,0.0,16.0
1.0,20.0,13.0,370.0,4.0,30.0,4.0,14.0,4.0,16.0,1.0,13.0,0.0,15.0,0.0,7.0,0.0,12.0
1.0,18.0,13.0,371.0,1.0,20.0,4.0,30.0,4.0,14.0,4.0,16.0,1.0,13.0,0.0,15.0,0.0,7.0
0.0,16.0,13.0,372.0,1.0,18.0,1.0,20.0,4.0,30.0,4.0,14.0,4.0,16.0,1.0,13.0,0.0,15.0
0.0,12.0,13.0,373.0,0.0,16.0,1.0,18.0,1.0,20.0,4.0,30.0,4.0,14.0,4.0,16.0,1.0,13.0
0.0,7.0,13.0,374.0,0.0,12.0,0.0,16.0,1.0,18.0,1.0,20.0,4.0,30.0,4.0,14.0,4.0,16.0
0.0,12.0,13.0,375.0,0.0,7.0,0.0,12.0,0.0,16.0,1.0,18.0,1.0,20.0,4.0,30.0,4.0,14.0
0.0,18.0,13.0,376.0,0.0,12.0,0.0,7.0,0.0,12.0,0.0,16.0,1.0,18.0,1.0,20.0,4.0,30.0
0.0,8.0,13.0,377.0,0.0,18.0,0.0,12.0,0.0,7.0,0.0,12.0,0.0,16.0,1.0,18.0,1.0,20.0
0.0,11.0,13.0,378.0,0.0,8.0,0.0,18.0,0.0,12.0,0.0,7.0,0.0,12.0,0.0,16.0,1.0,18.0
0.0,18.0,13.0,379.0,0.0,11.0,0.0,8.0,0.0,18.0,0.0,12.0,0.0,7.0,0.0,12.0,0.0,16.0
0.0,16.0,13.0,380.0,0.0,18.0,0.0,11.0,0.0,8.0,0.0,18.0,0.0,12.0,0.0,7.0,0.0,12.0
0.0,10.0,13.0,381.0,0.0,16.0,0.0,18.0,0.0,11.0,0.0,8.0,0.0,18.0,0.0,12.0,0.0,7.0
0.0,21.0,13.0,382.0,0.0,10.0,0.0,16.0,0.0,18.0,0.0,11.0,0.0,8.0,0.0,18.0,0.0,12.0
0.0,17.0,13.0,383.0,0.0,21.0,0.0,10.0,0.0,16.0,0.0,18.0,0.0,11.0,0.0,8.0,0.0,18.0
1.0,23.0,13.0,384.0,0.0,17.0,0.0,21.0,0.0,10.0,0.0,16.0,0.0,18.0,0.0,11.0,0.0,8.0
0.0,13.0,13.0,385.0,1.0,23.0,0.0,17.0,0.0,21.0,0.0,10.0,0.0,16.0,0.0,18.0,0.0,11.0
0.0,25.0,13.0,386.0,0.0,13.0,1.0,23.0,0.0,17.0,0.0,21.0,0.0,10.0,0.0,16.0,0.0,18.0
0.0,5.0,13.0,387.0,0.0,25.0,0.0,13.0,1.0,23.0,0.0,17.0,0.0,21.0,0.0,10.0,0.0,16.0
0.0,4.0,13.0,388.0,0.0,5.0,0.0,25.0,0.0,13.0,1.0,23.0,0.0,17.0,0.0,21.0,0.0,10.0
0.0,5.0,13.0,389.0,0.0,4.0,0.0,5.0,0.0,25.0,0.0,13.0,1.0,23.0,0.0,17.0,0.0,21.0
0.0,11.0,13.0,390.0,0.0,5.0,0.0,4.0,0.0,5.0,0.0,25.0,0.0,13.0,1.0,23.0,0.0,17.0
0.0,7.0,13.0,391.0,0.0,11.0,0.0,5.0,0.0,4.0,0.0,5.0,0.0,25.0,0.0,13.0,1.0,23.0
0.0,11.0,13.0,392.0,0.0,7.0,0.0,11.0,0.0,5.0,0.0,4.0,0.0,5.0,0.0,25.0,0.0,13.0
0.0,11.0,13.0,393.0,0.0,11.0,0.0,7.0,0.0,11.0,0.0,5.0,0.0,4.0,0.0,5.0,0.0,25.0
0.0,15.0,13.0,394.0,0.0,11.0,0.0,11.0,0.0,7.0,0.0,11.0,0.0,5.0,0.0,4.0,0.0,5.0
0.0,8.0,13.0,395.0,0.0,15.0,0.0,11.0,0.0,11.0,0.0,7.0,0.0,11.0,0.0,5.0,0.0,4.0
0.0,10.0,13.0,396.0,0.0,8.0,0.0,15.0,0.0,11.0,0.0,11.0,0.0,7.0,0.0,11.0,0.0,5.0
0.0,9.0,13.0,397.0,0.0,10.0,0.0,8.0,0.0,15.0,0.0,11.0,0.0,11.0,0.0,7.0,0.0,11.0
0.0,7.0,13.0,398.0,0.0,9.0,0.0,10.0,0.0,8.0,0.0,15.0,0.0,11.0,0.0,11.0,0.0,7.0
0.0,8.0,13.0,399.0,0.0,7.0,0.0,9.0,0.0,10.0,0.0,8.0,0.0,15.0,0.0,11.0,0.0,11.0
0.0,9.0,13.0,400.0,0.0,8.0,0.0,7.0,0.0,9.0,0.0,10.0,0.0,8.0,0.0,15.0,0.0,11.0
0.0,12.0,13.0,401.0,0.0,9.0,0.0,8.0,0.0,7.0,0.0,9.0,0.0,10.0,0.0,8.0,0.0,15.0
0.0,10.0,13.0,402.0,0.0,12.0,0.0,9.0,0.0,8.0,0.0,7.0,0.0,9.0,0.0,10.0,0.0,8.0
0.0,10.0,13.0,403.0,0.0,10.0,0.0,12.0,0.0,9.0,0.0,8.0,0.0,7.0,0.0,9.0,0.0,10.0
0.0,8.0,13.0,404.0,0.0,10.0,0.0,10.0,0.0,12.0,0.0,9.0,0.0,8.0,0.0,7.0,0.0,9.0
0.0,5.0,13.0,405.0,0.0,8.0,0.0,10.0,0.0,10.0,0.0,12.0,0.0,9.0,0.0,8.0,0.0,7.0
0.0,5.0,13.0,406.0,0.0,5.0,0.0,8.0,0.0,10.0,0.0,10.0,0.0,12.0,0.0,9.0,0.0,8.0
0.0,12.0,13.0,407.0,0.0,5.0,0.0,5.0,0.0,8.0,0.0,10.0,0.0,10.0,0.0,12.0,0.0,9.0
0.0,7.0,13.0,408.0,0.0,12.0,0.0,5.0,0.0,5.0,0.0,8.0,0.0,10.0,0.0,10.0,0.0,12.0
0.0,2.0,13.0,409.0,0.0,7.0,0.0,12.0,0.0,5.0,0.0,5.0,0.0,8.0,0.0,10.0,0.0,10.0
0.0,8.0,13.0,410.0,0.0,2.0,0.0,7.0,0.0,12.0,0.0,5.0,0.0,5.0,0.0,8.0,0.0,10.0
0.0,9.0,13.0,411.0,0.0,8.0,0.0,2.0,0.0,7.0,0.0,12.0,0.0,5.0,0.0,5.0,0.0,8.0
0.0,9.0,13.0,412.0,0.0,9.0,0.0,8.0,0.0,2.0,0.0,7.0,0.0,12.0,0.0,5.0,0.0,5.0
0.0,8.0,13.0,413.0,0.0,9.0,0.0,9.0,0.0,8.0,0.0,2.0,0.0,7.0,0.0,12.0,0.0,5.0
0.0,9.0,13.0,414.0,0.0,8.0,0.0,9.0,0.0,9.0,0.0,8.0,0.0,2.0,0.0,7.0,0.0,12.0
0.0,9.0,13.0,415.0,0.0,9.0,0.0,8.0,0.0,9.0,0.0,9.0,0.0,8.0,0.0,2.0,0.0,7.0
0.0,16.0,13.0,416.0,0.0,9.0,0.0,9.0,0.0,8.0,0.0,9.0,0.0,9.0,0.0,8.0,0.0,2.0
0.0,16.0,13.0,417.0,0.0,16.0,0.0,9.0,0.0,9.0,0.0,8.0,0.0,9.0,0.0,9.0,0.0,8.0
0.0,11.0,13.0,418.0,0.0,16.0,0.0,16.0,0.0,9.0,0.0,9.0,0.0,8.0,0.0,9.0,0.0,9.0
0.0,13.0,13.0,419.0,0.0,11.0,0.0,16.0,0.0,16.0,0.0,9.0,0.0,9.0,0.0,8.0,0.0,9.0
0.0,5.0,13.0,420.0,0.0,13.0,0.0,11.0,0.0,16.0,0.0,16.0,0.0,9.0,0.0,9.0,0.0,8.0
0.0,9.0,13.0,421.0,0.0,5.0,0.0,13.0,0.0,11.0,0.0,16.0,0.0,16.0,0.0,9.0,0.0,9.0
0.0,6.0,13.0,422.0,0.0,9.0,0.0,5.0,0.0,13.0,0.0,11.0,0.0,16.0,0.0,16.0,0.0,9.0
0.0,7.0,13.0,423.0,0.0,6.0,0.0,9.0,0.0,5.0,0.0,13.0,0.0,11.0,0.0,16.0,0.0,16.0
0.0,10.0,13.0,424.0,0.0,7.0,0.0,6.0,0.0,9.0,0.0,5.0,0.0,13.0,0.0,11.0,0.0,16.0
0.0,9.0,13.0,425.0,0.0,10.0,0.0,7.0,0.0,6.0,0.0,9.0,0.0,5.0,0.0,13.0,0.0,11.0
0.0,7.0,13.0,426.0,0.0,9.0,0.0,10.0,0.0,7.0,0.0,6.0,0.0,9.0,0.0,5.0,0.0,13.0
0.0,8.0,13.0,427.0,0.0,7.0,0.0,9.0,0.0,10.0,0.0,7.0,0.0,6.0,0.0,9.0,0.0,5.0
0.0,4.0,13.0,428.0,0.0,8.0,0.0,7.0,0.0,9.0,0.0,10.0,0.0,7.0,0.0,6.0,0.0,9.0
0.0,9.0,13.0,429.0,0.0,4.0,0.0,8.0,0.0,7.0,0.0,9.0,0.0,10.0,0.0,7.0,0.0,6.0
0.0,2.0,13.0,430.0,0.0,9.0,0.0,4.0,0.0,8.0,0.0,7.0,0.0,9.0,0.0,10.0,0.0,7.0
0.0,4.0,13.0,431.0,0.0,2.0,0.0,9.0,0.0,4.0,0.0,8.0,0.0,7.0,0.0,9.0,0.0,10.0
0.0,23.0,13.0,432.0,0.0,4.0,0.0,2.0,0.0,9.0,0.0,4.0,0.0,8.0,0.0,7.0,0.0,9.0
0.0,11.0,13.0,433.0,0.0,23.0,0.0,4.0,0.0,2.0,0.0,9.0,0.0,4.0,0.0,8.0,0.0,7.0
0.0,10.0,13.0,434.0,0.0,11.0,0.0,23.0,0.0,4.0,0.0,2.0,0.0,9.0,0.0,4.0,0.0,8.0
0.0,13.0,13.0,435.0,0.0,10.0,0.0,11.0,0.0,23.0,0.0,4.0,0.0,2.0,0.0,9.0,0.0,4.0
0.0,16.0,13.0,436.0,0.0,13.0,0.0,10.0,0.0,11.0,0.0,23.0,0.0,4.0,0.0,2.0,0.0,9.0
0.0,14.0,13.0,437.0,0.0,16.0,0.0,13.0,0.0,10.0,0.0,11.0,0.0,23.0,0.0,4.0,0.0,2.0
0.0,8.0,13.0,438.0,0.0,14.0,0.0,16.0,0.0,13.0,0.0,10.0,0.0,11.0,0.0,23.0,0.0,4.0
0.0,8.0,13.0,439.0,0.0,8.0,0.0,14.0,0.0,16.0,0.0,13.0,0.0,10.0,0.0,11.0,0.0,23.0
0.0,11.0,13.0,440.0,0.0,8.0,0.0,8.0,0.0,14.0,0.0,16.0,0.0,13.0,0.0,10.0,0.0,11.0
0.0,9.0,13.0,441.0,0.0,11.0,0.0,8.0,0.0,8.0,0.0,14.0,0.0,16.0,0.0,13.0,0.0,10.0
0.0,3.0,15.0,8.0,0.0,5.0,0.0,1.0,0.0,3.0,0.0,0.0,0.0,1.0,0.0,4.0,0.0,2.0
0.0,5.0,15.0,9.0,0.0,3.0,0.0,5.0,0.0,1.0,0.0,3.0,0.0,0.0,0.0,1.0,0.0,4.0
0.0,5.0,15.0,10.0,0.0,5.0,0.0,3.0,0.0,5.0,0.0,1.0,0.0,3.0,0.0,0.0,0.0,1.0
0.0,7.0,15.0,11.0,0.0,5.0,0.0,5.0,0.0,3.0,0.0,5.0,0.0,1.0,0.0,3.0,0.0,0.0
0.0,9.0,15.0,12.0,0.0,7.0,0.0,5.0,0.0,5.0,0.0,3.0,0.0,5.0,0.0,1.0,0.0,3.0
0.0,4.0,15.0,13.0,0.0,9.0,0.0,7.0,0.0,5.0,0.0,5.0,0.0,3.0,0.0,5.0,0.0,1.0
0.0,3.0,15.0,14.0,0.0,4.0,0.0,9.0,0.0,7.0,0.0,5.0,0.0,5.0,0.0,3.0,0.0,5.0
0.0,5.0,15.0,15.0,0.0,3.0,0.0,4.0,0.0,9.0,0.0,7.0,0.0,5.0,0.0,5.0,0.0,3.0
0.0,10.0,15.0,16.0,0.0,5.0,0.0,3.0,0.0,4.0,0.0,9.0,0.0,7.0,0.0,5.0,0.0,5.0
0.0,7.0,15.0,17.0,0.0,10.0,0.0,5.0,0.0,3.0,0.0,4.0,0.0,9.0,0.0,7.0,0.0,5.0
0.0,13.0,15.0,18.0,0.0,7.0,0.0,10.0,0.0,5.0,0.0,3.0,0.0,4.0,0.0,9.0,0.0,7.0
0.0,7.0,15.0,19.0,0.0,13.0,0.0,7.0,0.0,10.0,0.0,5.0,0.0,3.0,0.0,4.0,0.0,9.0
0.0,14.0,15.0,20.0,0.0,7.0,0.0,13.0,0.0,7.0,0.0,10.0,0.0,5.0,0.0,3.0,0.0,4.0
0.0,12.0,15.0,21.0,0.0,14.0,0.0,7.0,0.0,13.0,0.0,7.0,0.0,10.0,0.0,5.0,0.0,3.0
0.0,4.0,15.0,22.0,0.0,12.0,0.0,14.0,0.0,7.0,0.0,13.0,0.0,7.0,0.0,10.0,0.0,5.0
0.0,10.0,15.0,23.0,0.0,4.0,0.0,12.0,0.0,14.0,0.0,7.0,0.0,13.0,0.0,7.0,0.0,10.0
0.0,9.0,15.0,24.0,0.0,10.0,0.0,4.0,0.0,12.0,0.0,14.0,0.0,7.0,0.0,13.0,0.0,7.0
0.0,7.0,15.0,25.0,0.0,9.0,0.0,10.0,0.0,4.0,0.0,12.0,0.0,14.0,0.0,7.0,0.0,13.0
0.0,10.0,15.0,26.0,0.0,7.0,0.0,9.0,0.0,10.0,0.0,4.0,0.0,12.0,0.0,14.0,0.0,7.0
0.0,7.0,15.0,27.0,0.0,10.0,0.0,7.0,0.0,9.0,0.0,10.0,0.0,4.0,0.0,12.0,0.0,14.0
0.0,7.0,15.0,28.0,0.0,7.0,0.0,10.0,0.0,7.0,0.0,9.0,0.0,10.0,0.0,4.0,0.0,12.0
0.0,6.0,15.0,29.0,0.0,7.0,0.0,7.0,0.0,10.0,0.0,7.0,0.0,9.0,0.0,10.0,0.0,4.0
0.0,4.0,15.0,30.0,0.0,6.0,0.0,7.0,0.0,7.0,0.0,10.0,0.0,7.0,0.0,9.0,0.0,10.0
0.0,7.0,15.0,31.0,0.0,4.0,0.0,6.0,0.0,7.0,0.0,7.0,0.0,10.0,0.0,7.0,0.0,9.0
0.0,7.0,15.0,32.0,0.0,7.0,0.0,4.0,0.0,6.0,0.0,7.0,0.0,7.0,0.0,10.0,0.0,7.0
0.0,5.0,15.0,33.0,0.0,7.0,0.0,7.0,0.0,4.0,0.0,6.0,0.0,7.0,0.0,7.0,0.0,10.0
0.0,7.0,15.0,34.0,0.0,5.0,0.0,7.0,0.0,7.0,0.0,4.0,0.0,6.0,0.0,7.0,0.0,7.0
0.0,4.0,15.0,35.0,0.0,7.0,0.0,5.0,0.0,7.0,0.0,7.0,0.0,4.0,0.0,6.0,0.0,7.0
0.0,8.0,15.0,36.0,0.0,4.0,0.0,7.0,0.0,5.0,0.0,7.0,0.0,7.0,0.0,4.0,0.0,6.0
0.0,10.0,15.0,37.0,0.0,8.0,0.0,4.0,0.0,7.0,0.0,5.0,0.0,7.0,0.0,7.0,0.0,4.0
0.0,7.0,15.0,38.0,0.0,10.0,0.0,8.0,0.0,4.0,0.0,7.0,0.0,5.0,0.0,7.0,0.0,7.0
0.0,10.0,15.0,39.0,0.0,7.0,0.0,10.0,0.0,8.0,0.0,4.0,0.0,7.0,0.0,5.0,0.0,7.0
0.0,9.0,15.0,40.0,0.0,10.0,0.0,7.0,0.0,10.0,0.0,8.0,0.0,4.0,0.0,7.0,0.0,5.0
0.0,9.0,15.0,41.0,0.0,9.0,0.0,10.0,0.0,7.0,0.0,10.0,0.0,8.0,0.0,4.0,0.0,7.0
0.0,9.0,15.0,42.0,0.0,9.0,0.0,9.0,0.0,10.0,0.0,7.0,0.0,10.0,0.0,8.0,0.0,4.0
0.0,10.0,15.0,43.0,0.0,9.0,0.0,9.0,0.0,9.0,0.0,10.0,0.0,7.0,0.0,10.0,0.0,8.0
0.0,8.0,15.0,44.0,0.0,10.0,0.0,9.0,0.0,9.0,0.0,9.0,0.0,10.0,0.0,7.0,0.0,10.0
0.0,3.0,15.0,45.0,0.0,8.0,0.0,10.0,0.0,9.0,0.0,9.0,0.0,9.0,0.0,10.0,0.0,7.0
0.0,8.0,15.0,46.0,0.0,3.0,0.0,8.0,0.0,10.0,0.0,9.0,0.0,9.0,0.0,9.0,0.0,10.0
0.0,6.0,15.0,47.0,0.0,8.0,0.0,3.0,0.0,8.0,0.0,10.0,0.0,9.0,0.0,9.0,0.0,9.0
0.0,4.0,15.0,48.0,0.0,6.0,0.0,8.0,0.0,3.0,0.0,8.0,0.0,10.0,0.0,9.0,0.0,9.0
0.0,6.0,15.0,49.0,0.0,4.0,0.0,6.0,0.0,8.0,0.0,3.0,0.0,8.0,0.0,10.0,0.0,9.0
0.0,7.0,15.0,50.0,0.0,6.0,0.0,4.0,0.0,6.0,0.0,8.0,0.0,3.0,0.0,8.0,0.0,10.0
0.0,10.0,15.0,51.0,0.0,7.0,0.0,6.0,0.0,4.0,0.0,6.0,0.0,8.0,0.0,3.0,0.0,8.0
0.0,4.0,15.0,52.0,0.0,10.0,0.0,7.0,0.0,6.0,0.0,4.0,0.0,6.0,0.0,8.0,0.0,3.0
0.0,7.0,15.0,53.0,0.0,4.0,0.0,10.0,0.0,7.0,0.0,6.0,0.0,4.0,0.0,6.0,0.0,8.0
0.0,11.0,15.0,54.0,0.0,7.0,0.0,4.0,0.0,10.0,0.0,7.0,0.0,6.0,0.0,4.0,0.0,6.0
0.0,13.0,15.0,55.0,0.0,11.0,0.0,7.0,0.0,4.0,0.0,10.0,0.0,7.0,0.0,6.0,0.0,4.0
0.0,2.0,15.0,56.0,0.0,13.0,0.0,11.0,0.0,7.0,0.0,4.0,0.0,10.0,0.0,7.0,0.0,6.0
0.0,10.0,15.0,57.0,0.0,2.0,0.0,13.0,0.0,11.0,0.0,7.0,0.0,4.0,0.0,10.0,0.0,7.0
0.0,10.0,15.0,58.0,0.0,10.0,0.0,2.0,0.0,13.0,0.0,11.0,0.0,7.0,0.0,4.0,0.0,10.0
0.0,5.0,15.0,59.0,0.0,10.0,0.0,10.0,0.0,2.0,0.0,13.0,0.0,11.0,0.0,7.0,0.0,4.0
0.0,11.0,15.0,60.0,0.0,5.0,0.0,10.0,0.0,10.0,0.0,2.0,0.0,13.0,0.0,11.0,0.0,7.0
0.0,10.0,15.0,61.0,0.0,11.0,0.0,5.0,0.0,10.0,0.0,10.0,0.0,2.0,0.0,13.0,0.0,11.0
0.0,8.0,15.0,62.0,0.0,10.0,0.0,11.0,0.0,5.0,0.0,10.0,0.0,10.0,0.0,2.0,0.0,13.0
0.0,9.0,15.0,63.0,0.0,8.0,0.0,10.0,0.0,11.0,0.0,5.0,0.0,10.0,0.0,10.0,0.0,2.0
0.0,6.0,15.0,64.0,0.0,9.0,0.0,8.0,0.0,10.0,0.0,11.0,0.0,5.0,0.0,10.0,0.0,10.0
0.0,5.0,15.0,65.0,0.0,6.0,0.0,9.0,0.0,8.0,0.0,10.0,0.0,11.0,0.0,5.0,0.0,10.0
0.0,10.0,15.0,66.0,0.0,5.0,0.0,6.0,0.0,9.0,0.0,8.0,0.0,10.0,0.0,11.0,0.0,5.0
0.0,5.0,15.0,67.0,0.0,10.0,0.0,5.0,0.0,6.0,0.0,9.0,0.0,8.0,0.0,10.0,0.0,11.0
0.0,4.0,15.0,68.0,0.0,5.0,0.0,10.0,0.0,5.0,0.0,6.0,0.0,9.0,0.0,8.0,0.0,10.0
0.0,9.0,15.0,69.0,0.0,4.0,0.0,5.0,0.0,10.0,0.0,5.0,0.0,6.0,0.0,9.0,0.0,8.0
0.0,7.0,15.0,70.0,0.0,9.0,0.0,4.0,0.0,5.0,0.0,10.0,0.0,5.0,0.0,6.0,0.0,9.0
0.0,7.0,15.0,71.0,0.0,7.0,0.0,9.0,0.0,4.0,0.0,5.0,0.0,10.0,0.0,5.0,0.0,6.0
0.0,12.0,15.0,72.0,0.0,7.0,0.0,7.0,0.0,9.0,0.0,4.0,0.0,5.0,0.0,10.0,0.0,5.0
0.0,10.0,15.0,73.0,0.0,12.0,0.0,7.0,0.0,7.0,0.0,9.0,0.0,4.0,0.0,5.0,0.0,10.0
0.0,13.0,15.0,74.0,0.0,10.0,0.0,12.0,0.0,7.0,0.0,7.0,0.0,9.0,0.0,4.0,0.0,5.0
0.0,8.0,15.0,75.0,0.0,13.0,0.0,10.0,0.0,12.0,0.0,7.0,0.0,7.0,0.0,9.0,0.0,4.0
0.0,13.0,15.0,76.0,0.0,8.0,0.0,13.0,0.0,10.0,0.0,12.0,0.0,7.0,0.0,7.0,0.0,9.0
0.0,9.0,15.0,77.0,0.0,13.0,0.0,8.0,0.0,13.0,0.0,10.0,0.0,12.0,0.0,7.0,0.0,7.0
0.0,4.0,15.0,78.0,0.0,9.0,0.0,13.0,0.0,8.0,0.0,13.0,0.0,10.0,0.0,12.0,0.0,7.0
0.0,7.0,15.0,79.0,0.0,4.0,0.0,9.0,0.0,13.0,0.0,8.0,0.0,13.0,0.0,10.0,0.0,12.0
0.0,4.0,15.0,80.0,0.0,7.0,0.0,4.0,0.0,9.0,0.0,13.0,0.0,8.0,0.0,13.0,0.0,10.0
0.0,5.0,15.0,81.0,0.0,4.0,0.0,7.0,0.0,4.0,0.0,9.0,0.0,13.0,0.0,8.0,0.0,13.0
0.0,12.0,15.0,82.0,0.0,5.0,0.0,4.0,0.0,7.0,0.0,4.0,0.0,9.0,0.0,13.0,0.0,8.0
0.0,6.0,15.0,83.0,0.0,12.0,0.0,5.0,0.0,4.0,0.0,7.0,0.0,4.0,0.0,9.0,0.0,13.0
0.0,12.0,15.0,84.0,0.0,6.0,0.0,12.0,0.0,5.0,0.0,4.0,0.0,7.0,0.0,4.0,0.0,9.0
0.0,9.0,15.0,85.0,0.0,12.0,0.0,6.0,0.0,12.0,0.0,5.0,0.0,4.0,0.0,7.0,0.0,4.0
0.0,4.0,15.0,86.0,0.0,9.0,0.0,12.0,0.0,6.0,0.0,12.0,0.0,5.0,0.0,4.0,0.0,7.0
0.0,2.0,15.0,87.0,0.0,4.0,0.0,9.0,0.0,12.0,0.0,6.0,0.0,12.0,0.0,5.0,0.0,4.0
0.0,6.0,15.0,88.0,0.0,2.0,0.0,4.0,0.0,9.0,0.0,12.0,0.0,6.0,0.0,12.0,0.0,5.0
0.0,5.0,15.0,89.0,0.0,6.0,0.0,2.0,0.0,4.0,0.0,9.0,0.0,12.0,0.0,6.0,0.0,12.0
0.0,3.0,15.0,90.0,0.0,5.0,0.0,6.0,0.0,2.0,0.0,4.0,0.0,9.0,0.0,12.0,0.0,6.0
0.0,6.0,15.0,91.0,0.0,3.0,0.0,5.0,0.0,6.0,0.0,2.0,0.0,4.0,0.0,9.0,0.0,12.0
0.0,7.0,15.0,92.0,0.0,6.0,0.0,3.0,0.0,5.0,0.0,6.0,0.0,2.0,0.0,4.0,0.0,9.0
0.0,6.0,15.0,93.0,0.0,7.0,0.0,6.0,0.0,3.0,0.0,5.0,0.0,6.0,0.0,2.0,0.0,4.0
0.0,1.0,15.0,94.0,0.0,6.0,0.0,7.0,0.0,6.0,0.0,3.0,0.0,5.0,0.0,6.0,0.0,2.0
0.0,4.0,15.0,95.0,0.0,1.0,0.0,6.0,0.0,7.0,0.0,6.0,0.0,3.0,0.0,5.0,0.0,6.0
0.0,3.0,15.0,96.0,0.0,4.0,0.0,1.0,0.0,6.0,0.0,7.0,0.0,6.0,0.0,3.0,0.0,5.0
0.0,7.0,15.0,97.0,0.0,3.0,0.0,4.0,0.0,1.0,0.0,6.0,0.0,7.0,0.0,6.0,0.0,3.0
0.0,8.0,15.0,98.0,0.0,7.0,0.0,3.0,0.0,4.0,0.0,1.0,0.0,6.0,0.0,7.0,0.0,6.0
0.0,9.0,15.0,99.0,0.0,8.0,0.0,7.0,0.0,3.0,0.0,4.0,0.0,1.0,0.0,6.0,0.0,7.0
0.0,11.0,15.0,100.0,0.0,9.0,0.0,8.0,0.0,7.0,0.0,3.0,0.0,4.0,0.0,1.0,0.0,6.0
0.0,7.0,15.0,101.0,0.0,11.0,0.0,9.0,0.0,8.0,0.0,7.0,0.0,3.0,0.0,4.0,0.0,1.0
0.0,9.0,15.0,102.0,0.0,7.0,0.0,11.0,0.0,9.0,0.0,8.0,0.0,7.0,0.0,3.0,0.0,4.0
0.0,9.0,15.0,103.0,0.0,9.0,0.0,7.0,0.0,11.0,0.0,9.0,0.0,8.0,0.0,7.0,0.0,3.0
0.0,5.0,15.0,104.0,0.0,9.0,0.0,9.0,0.0,7.0,0.0,11.0,0.0,9.0,0.0,8.0,0.0,7.0
0.0,7.0,15.0,105.0,0.0,5.0,0.0,9.0,0.0,9.0,0.0,7.0,0.0,11.0,0.0,9.0,0.0,8.0
0.0,5.0,15.0,106.0,0.0,7.0,0.0,5.0,0.0,9.0,0.0,9.0,0.0,7.0,0.0,11.0,0.0,9.0
0.0,5.0,15.0,107.0,0.0,5.0,0.0,7.0,0.0,5.0,0.0,9.0,0.0,9.0,0.0,7.0,0.0,11.0
0.0,3.0,15.0,108.0,0.0,5.0,0.0,5.0,0.0,7.0,0.0,5.0,0.0,9.0,0.0,9.0,0.0,7.0
0.0,9.0,15.0,109.0,0.0,3.0,0.0,5.0,0.0,5.0,0.0,7.0,0.0,5.0,0.0,9.0,0.0,9.0
0.0,6.0,15.0,110.0,0.0,9.0,0.0,3.0,0.0,5.0,0.0,5.0,0.0,7.0,0.0,5.0,0.0,9.0
0.0,7.0,15.0,111.0,0.0,6.0,0.0,9.0,0.0,3.0,0.0,5.0,0.0,5.0,0.0,7.0,0.0,5.0
0.0,6.0,15.0,112.0,0.0,7.0,0.0,6.0,0.0,9.0,0.0,3.0,0.0,5.0,0.0,5.0,0.0,7.0
0.0,7.0,15.0,113.0,0.0,6.0,0.0,7.0,0.0,6.0,0.0,9.0,0.0,3.0,0.0,5.0,0.0,5.0
0.0,5.0,15.0,114.0,0.0,7.0,0.0,6.0,0.0,7.0,0.0,6.0,0.0,9.0,0.0,3.0,0.0,5.0
0.0,2.0,15.0,115.0,0.0,5.0,0.0,7.0,0.0,6.0,0.0,7.0,0.0,6.0,0.0,9.0,0.0,3.0
0.0,9.0,15.0,116.0,0.0,2.0,0.0,5.0,0.0,7.0,0.0,6.0,0.0,7.0,0.0,6.0,0.0,9.0
0.0,4.0,15.0,117.0,0.0,9.0,0.0,2.0,0.0,5.0,0.0,7.0,0.0,6.0,0.0,7.0,0.0,6.0
0.0,10.0,15.0,118.0,0.0,4.0,0.0,9.0,0.0,2.0,0.0,5.0,0.0,7.0,0.0,6.0,0.0,7.0
0.0,15.0,15.0,119.0,0.0,10.0,0.0,4.0,0.0,9.0,0.0,2.0,0.0,5.0,0.0,7.0,0.0,6.0
0.0,3.0,15.0,120.0,0.0,15.0,0.0,10.0,0.0,4.0,0.0,9.0,0.0,2.0,0.0,5.0,0.0,7.0
0.0,9.0,15.0,121.0,0.0,3.0,0.0,15.0,0.0,10.0,0.0,4.0,0.0,9.0,0.0,2.0,0.0,5.0
0.0,10.0,15.0,122.0,0.0,9.0,0.0,3.0,0.0,15.0,0.0,10.0,0.0,4.0,0.0,9.0,0.0,2.0
0.0,9.0,15.0,123.0,0.0,10.0,0.0,9.0,0.0,3.0,0.0,15.0,0.0,10.0,0.0,4.0,0.0,9.0
0.0,8.0,15.0,124.0,0.0,9.0,0.0,10.0,0.0,9.0,0.0,3.0,0.0,15.0,0.0,10.0,0.0,4.0
0.0,3.0,15.0,125.0,0.0,8.0,0.0,9.0,0.0,10.0,0.0,9.0,0.0,3.0,0.0,15.0,0.0,10.0
0.0,6.0,15.0,126.0,0.0,3.0,0.0,8.0,0.0,9.0,0.0,10.0,0.0,9.0,0.0,3.0,0.0,15.0
0.0,12.0,15.0,127.0,0.0,6.0,0.0,3.0,0.0,8.0,0.0,9.0,0.0,10.0,0.0,9.0,0.0,3.0
0.0,7.0,15.0,128.0,0.0,12.0,0.0,6.0,0.0,3.0,0.0,8.0,0.0,9.0,0.0,10.0,0.0,9.0
0.0,2.0,15.0,129.0,0.0,7.0,0.0,12.0,0.0,6.0,0.0,3.0,0.0,8.0,0.0,9.0,0.0,10.0
0.0,4.0,15.0,130.0,0.0,2.0,0.0,7.0,0.0,12.0,0.0,6.0,0.0,3.0,0.0,8.0,0.0,9.0
0.0,6.0,15.0,131.0,0.0,4.0,0.0,2.0,0.0,7.0,0.0,12.0,0.0,6.0,0.0,3.0,0.0,8.0
0.0,2.0,15.0,132.0,0.0,6.0,0.0,4.0,0.0,2.0,0.0,7.0,0.0,12.0,0.0,6.0,0.0,3.0
0.0,9.0,15.0,133.0,0.0,2.0,0.0,6.0,0.0,4.0,0.0,2.0,0.0,7.0,0.0,12.0,0.0,6.0
0.0,9.0,15.0,134.0,0.0,9.0,0.0,2.0,0.0,6.0,0.0,4.0,0.0,2.0,0.0,7.0,0.0,12.0
0.0,11.0,15.0,135.0,0.0,9.0,0.0,9.0,0.0,2.0,0.0,6.0,0.0,4.0,0.0,2.0,0.0,7.0
0.0,5.0,15.0,136.0,0.0,11.0,0.0,9.0,0.0,9.0,0.0,2.0,0.0,6.0,0.0,4.0,0.0,2.0
0.0,8.0,15.0,137.0,0.0,5.0,0.0,11.0,0.0,9.0,0.0,9.0,0.0,2.0,0.0,6.0,0.0,4.0
0.0,5.0,15.0,138.0,0.0,8.0,0.0,5.0,0.0,11.0,0.0,9.0,0.0,9.0,0.0,2.0,0.0,6.0
0.0,3.0,15.0,139.0,0.0,5.0,0.0,8.0,0.0,5.0,0.0,11.0,0.0,9.0,0.0,9.0,0.0,2.0
0.0,9.0,15.0,140.0,0.0,3.0,0.0,5.0,0.0,8.0,0.0,5.0,0.0,11.0,0.0,9.0,0.0,9.0
0.0,13.0,15.0,141.0,0.0,9.0,0.0,3.0,0.0,5.0,0.0,8.0,0.0,5.0,0.0,11.0,0.0,9.0
0.0,3.0,15.0,142.0,0.0,13.0,0.0,9.0,0.0,3.0,0.0,5.0,0.0,8.0,0.0,5.0,0.0,11.0
0.0,8.0,15.0,143.0,0.0,3.0,0.0,13.0,0.0,9.0,0.0,3.0,0.0,5.0,0.0,8.0,0.0,5.0
0.0,5.0,15.0,144.0,0.0,8.0,0.0,3.0,0.0,13.0,0.0,9.0,0.0,3.0,0.0,5.0,0.0,8.0
0.0,7.0,15.0,145.0,0.0,5.0,0.0,8.0,0.0,3.0,0.0,13.0,0.0,9.0,0.0,3.0,0.0,5.0
0.0,18.0,15.0,146.0,0.0,7.0,0.0,5.0,0.0,8.0,0.0,3.0,0.0,13.0,0.0,9.0,0.0,3.0
0.0,12.0,15.0,147.0,0.0,18.0,0.0,7.0,0.0,5.0,0.0,8.0,0.0,3.0,0.0,13.0,0.0,9.0
0.0,8.0,15.0,148.0,0.0,12.0,0.0,18.0,0.0,7.0,0.0,5.0,0.0,8.0,0.0,3.0,0.0,13.0
0.0,4.0,15.0,149.0,0.0,8.0,0.0,12.0,0.0,18.0,0.0,7.0,0.0,5.0,0.0,8.0,0.0,3.0
0.0,2.0,15.0,150.0,0.0,4.0,0.0,8.0,0.0,12.0,0.0,18.0,0.0,7.0,0.0,5.0,0.0,8.0
0.0,6.0,15.0,151.0,0.0,2.0,0.0,4.0,0.0,8.0,0.0,12.0,0.0,18.0,0.0,7.0,0.0,5.0
0.0,5.0,15.0,152.0,0.0,6.0,0.0,2.0,0.0,4.0,0.0,8.0,0.0,12.0,0.0,18.0,0.0,7.0
0.0,2.0,15.0,153.0,0.0,5.0,0.0,6.0,0.0,2.0,0.0,4.0,0.0,8.0,0.0,12.0,0.0,18.0
0.0,7.0,15.0,154.0,0.0,2.0,0.0,5.0,0.0,6.0,0.0,2.0,0.0,4.0,0.0,8.0,0.0,12.0
0.0,8.0,15.0,155.0,0.0,7.0,0.0,2.0,0.0,5.0,0.0,6.0,0.0,2.0,0.0,4.0,0.0,8.0
0.0,5.0,15.0,156.0,0.0,8.0,0.0,7.0,0.0,2.0,0.0,5.0,0.0,6.0,0.0,2.0,0.0,4.0
0.0,4.0,15.0,157.0,0.0,5.0,0.0,8.0,0.0,7.0,0.0,2.0,0.0,5.0,0.0,6.0,0.0,2.0
0.0,6.0,15.0,158.0,0.0,4.0,0.0,5.0,0.0,8.0,0.0,7.0,0.0,2.0,0.0,5.0,0.0,6.0
0.0,4.0,15.0,159.0,0.0,6.0,0.0,4.0,0.0,5.0,0.0,8.0,0.0,7.0,0.0,2.0,0.0,5.0
0.0,2.0,15.0,160.0,0.0,4.0,0.0,6.0,0.0,4.0,0.0,5.0,0.0,8.0,0.0,7.0,0.0,2.0
0.0,4.0,15.0,161.0,0.0,2.0,0.0,4.0,0.0,6.0,0.0,4.0,0.0,5.0,0.0,8.0,0.0,7.0
0.0,7.0,15.0,162.0,0.0,4.0,0.0,2.0,0.0,4.0,0.0,6.0,0.0,4.0,0.0,5.0,0.0,8.0
0.0,5.0,15.0,163.0,0.0,7.0,0.0,4.0,0.0,2.0,0.0,4.0,0.0,6.0,0.0,4.0,0.0,5.0
0.0,2.0,15.0,164.0,0.0,5.0,0.0,7.0,0.0,4.0,0.0,2.0,0.0,4.0,0.0,6.0,0.0,4.0
1.0,10.0,15.0,165.0,0.0,2.0,0.0,5.0,0.0,7.0,0.0,4.0,0.0,2.0,0.0,4.0,0.0,6.0
0.0,10.0,15.0,166.0,1.0,10.0,0.0,2.0,0.0,5.0,0.0,7.0,0.0,4.0,0.0,2.0,0.0,4.0
0.0,1.0,15.0,167.0,0.0,10.0,1.0,10.0,0.0,2.0,0.0,5.0,0.0,7.0,0.0,4.0,0.0,2.0
0.0,5.0,15.0,168.0,0.0,1.0,0.0,10.0,1.0,10.0,0.0,2.0,0.0,5.0,0.0,7.0,0.0,4.0
0.0,4.0,15.0,169.0,0.0,5.0,0.0,1.0,0.0,10.0,1.0,10.0,0.0,2.0,0.0,5.0,0.0,7.0
0.0,6.0,15.0,170.0,0.0,4.0,0.0,5.0,0.0,1.0,0.0,10.0,1.0,10.0,0.0,2.0,0.0,5.0
0.0,4.0,15.0,171.0,0.0,6.0,0.0,4.0,0.0,5.0,0.0,1.0,0.0,10.0,1.0,10.0,0.0,2.0
0.0,6.0,15.0,172.0,0.0,4.0,0.0,6.0,0.0,4.0,0.0,5.0,0.0,1.0,0.0,10.0,1.0,10.0
0.0,9.0,15.0,173.0,0.0,6.0,0.0,4.0,0.0,6.0,0.0,4.0,0.0,5.0,0.0,1.0,0.0,10.0
1.0,6.0,15.0,174.0,0.0,9.0,0.0,6.0,0.0,4.0,0.0,6.0,0.0,4.0,0.0,5.0,0.0,1.0
1.0,9.0,15.0,175.0,1.0,6.0,0.0,9.0,0.0,6.0,0.0,4.0,0.0,6.0,0.0,4.0,0.0,5.0
0.0,8.0,15.0,176.0,1.0,9.0,1.0,6.0,0.0,9.0,0.0,6.0,0.0,4.0,0.0,6.0,0.0,4.0
0.0,7.0,15.0,177.0,0.0,8.0,1.0,9.0,1.0,6.0,0.0,9.0,0.0,6.0,0.0,4.0,0.0,6.0
0.0,5.0,15.0,178.0,0.0,7.0,0.0,8.0,1.0,9.0,1.0,6.0,0.0,9.0,0.0,6.0,0.0,4.0
0.0,4.0,15.0,179.0,0.0,5.0,0.0,7.0,0.0,8.0,1.0,9.0,1.0,6.0,0.0,9.0,0.0,6.0
0.0,5.0,15.0,180.0,0.0,4.0,0.0,5.0,0.0,7.0,0.0,8.0,1.0,9.0,1.0,6.0,0.0,9.0
0.0,3.0,15.0,181.0,0.0,5.0,0.0,4.0,0.0,5.0,0.0,7.0,0.0,8.0,1.0,9.0,1.0,6.0
0.0,6.0,15.0,182.0,0.0,3.0,0.0,5.0,0.0,4.0,0.0,5.0,0.0,7.0,0.0,8.0,1.0,9.0
0.0,11.0,15.0,183.0,0.0,6.0,0.0,3.0,0.0,5.0,0.0,4.0,0.0,5.0,0.0,7.0,0.0,8.0
0.0,6.0,15.0,184.0,0.0,11.0,0.0,6.0,0.0,3.0,0.0,5.0,0.0,4.0,0.0,5.0,0.0,7.0
0.0,6.0,15.0,185.0,0.0,6.0,0.0,11.0,0.0,6.0,0.0,3.0,0.0,5.0,0.0,4.0,0.0,5.0
0.0,12.0,15.0,186.0,0.0,6.0,0.0,6.0,0.0,11.0,0.0,6.0,0.0,3.0,0.0,5.0,0.0,4.0
0.0,13.0,15.0,187.0,0.0,12.0,0.0,6.0,0.0,6.0,0.0,11.0,0.0,6.0,0.0,3.0,0.0,5.0
0.0,10.0,15.0,188.0,0.0,13.0,0.0,12.0,0.0,6.0,0.0,6.0,0.0,11.0,0.0,6.0,0.0,3.0
0.0,8.0,15.0,189.0,0.0,10.0,0.0,13.0,0.0,12.0,0.0,6.0,0.0,6.0,0.0,11.0,0.0,6.0
0.0,12.0,15.0,190.0,0.0,8.0,0.0,10.0,0.0,13.0,0.0,12.0,0.0,6.0,0.0,6.0,0.0,11.0
0.0,17.0,15.0,191.0,0.0,12.0,0.0,8.0,0.0,10.0,0.0,13.0,0.0,12.0,0.0,6.0,0.0,6.0
0.0,4.0,15.0,192.0,0.0,17.0,0.0,12.0,0.0,8.0,0.0,10.0,0.0,13.0,0.0,12.0,0.0,6.0
0.0,5.0,15.0,193.0,0.0,4.0,0.0,17.0,0.0,12.0,0.0,8.0,0.0,10.0,0.0,13.0,0.0,12.0
0.0,3.0,15.0,194.0,0.0,5.0,0.0,4.0,0.0,17.0,0.0,12.0,0.0,8.0,0.0,10.0,0.0,13.0
0.0,4.0,15.0,195.0,0.0,3.0,0.0,5.0,0.0,4.0,0.0,17.0,0.0,12.0,0.0,8.0,0.0,10.0
0.0,4.0,15.0,196.0,0.0,4.0,0.0,3.0,0.0,5.0,0.0,4.0,0.0,17.0,0.0,12.0,0.0,8.0
0.0,8.0,15.0,197.0,0.0,4.0,0.0,4.0,0.0,3.0,0.0,5.0,0.0,4.0,0.0,17.0,0.0,12.0
0.0,6.0,15.0,198.0,0.0,8.0,0.0,4.0,0.0,4.0,0.0,3.0,0.0,5.0,0.0,4.0,0.0,17.0
0.0,7.0,15.0,199.0,0.0,6.0,0.0,8.0,0.0,4.0,0.0,4.0,0.0,3.0,0.0,5.0,0.0,4.0
0.0,4.0,15.0,200.0,0.0,7.0,0.0,6.0,0.0,8.0,0.0,4.0,0.0,4.0,0.0,3.0,0.0,5.0
1.0,5.0,15.0,201.0,0.0,4.0,0.0,7.0,0.0,6.0,0.0,8.0,0.0,4.0,0.0,4.0,0.0,3.0
1.0,6.0,15.0,202.0,1.0,5.0,0.0,4.0,0.0,7.0,0.0,6.0,0.0,8.0,0.0,4.0,0.0,4.0
0.0,2.0,15.0,203.0,1.0,6.0,1.0,5.0,0.0,4.0,0.0,7.0,0.0,6.0,0.0,8.0,0.0,4.0
0.0,4.0,15.0,204.0,0.0,2.0,1.0,6.0,1.0,5.0,0.0,4.0,0.0,7.0,0.0,6.0,0.0,8.0
1.0,3.0,15.0,205.0,0.0,4.0,0.0,2.0,1.0,6.0,1.0,5.0,0.0,4.0,0.0,7.0,0.0,6.0
1.0,4.0,15.0,206.0,1.0,3.0,0.0,4.0,0.0,2.0,1.0,6.0,1.0,5.0,0.0,4.0,0.0,7.0
0.0,12.0,15.0,207.0,1.0,4.0,1.0,3.0,0.0,4.0,0.0,2.0,1.0,6.0,1.0,5.0,0.0,4.0
0.0,4.0,15.0,208.0,0.0,12.0,1.0,4.0,1.0,3.0,0.0,4.0,0.0,2.0,1.0,6.0,1.0,5.0
0.0,1.0,15.0,209.0,0.0,4.0,0.0,12.0,1.0,4.0,1.0,3.0,0.0,4.0,0.0,2.0,1.0,6.0
0.0,5.0,15.0,210.0,0.0,1.0,0.0,4.0,0.0,12.0,1.0,4.0,1.0,3.0,0.0,4.0,0.0,2.0
0.0,9.0,15.0,211.0,0.0,5.0,0.0,1.0,0.0,4.0,0.0,12.0,1.0,4.0,1.0,3.0,0.0,4.0
0.0,5.0,15.0,212.0,0.0,9.0,0.0,5.0,0.0,1.0,0.0,4.0,0.0,12.0,1.0,4.0,1.0,3.0
0.0,2.0,15.0,213.0,0.0,5.0,0.0,9.0,0.0,5.0,0.0,1.0,0.0,4.0,0.0,12.0,1.0,4.0
0.0,7.0,15.0,214.0,0.0,2.0,0.0,5.0,0.0,9.0,0.0,5.0,0.0,1.0,0.0,4.0,0.0,12.0
0.0,2.0,15.0,215.0,0.0,7.0,0.0,2.0,0.0,5.0,0.0,9.0,0.0,5.0,0.0,1.0,0.0,4.0
0.0,6.0,15.0,216.0,0.0,2.0,0.0,7.0,0.0,2.0,0.0,5.0,0.0,9.0,0.0,5.0,0.0,1.0
0.0,3.0,15.0,217.0,0.0,6.0,0.0,2.0,0.0,7.0,0.0,2.0,0.0,5.0,0.0,9.0,0.0,5.0
0.0,7.0,15.0,218.0,0.0,3.0,0.0,6.0,0.0,2.0,0.0,7.0,0.0,2.0,0.0,5.0,0.0,9.0
0.0,6.0,15.0,219.0,0.0,7.0,0.0,3.0,0.0,6.0,0.0,2.0,0.0,7.0,0.0,2.0,0.0,5.0
0.0,4.0,15.0,220.0,0.0,6.0,0.0,7.0,0.0,3.0,0.0,6.0,0.0,2.0,0.0,7.0,0.0,2.0
0.0,7.0,15.0,221.0,0.0,4.0,0.0,6.0,0.0,7.0,0.0,3.0,0.0,6.0,0.0,2.0,0.0,7.0
0.0,6.0,15.0,222.0,0.0,7.0,0.0,4.0,0.0,6.0,0.0,7.0,0.0,3.0,0.0,6.0,0.0,2.0
0.0,5.0,15.0,223.0,0.0,6.0,0.0,7.0,0.0,4.0,0.0,6.0,0.0,7.0,0.0,3.0,0.0,6.0
0.0,11.0,15.0,224.0,0.0,5.0,0.0,6.0,0.0,7.0,0.0,4.0,0.0,6.0,0.0,7.0,0.0,3.0
0.0,8.0,15.0,225.0,0.0,11.0,0.0,5.0,0.0,6.0,0.0,7.0,0.0,4.0,0.0,6.0,0.0,7.0
0.0,10.0,15.0,226.0,0.0,8.0,0.0,11.0,0.0,5.0,0.0,6.0,0.0,7.0,0.0,4.0,0.0,6.0
0.0,7.0,15.0,227.0,0.0,10.0,0.0,8.0,0.0,11.0,0.0,5.0,0.0,6.0,0.0,7.0,0.0,4.0
0.0,10.0,15.0,228.0,0.0,7.0,0.0,10.0,0.0,8.0,0.0,11.0,0.0,5.0,0.0,6.0,0.0,7.0
0.0,9.0,15.0,229.0,0.0,10.0,0.0,7.0,0.0,10.0,0.0,8.0,0.0,11.0,0.0,5.0,0.0,6.0
0.0,25.0,15.0,230.0,0.0,9.0,0.0,10.0,0.0,7.0,0.0,10.0,0.0,8.0,0.0,11.0,0.0,5.0
0.0,10.0,15.0,231.0,0.0,25.0,0.0,9.0,0.0,10.0,0.0,7.0,0.0,10.0,0.0,8.0,0.0,11.0
0.0,8.0,15.0,232.0,0.0,10.0,0.0,25.0,0.0,9.0,0.0,10.0,0.0,7.0,0.0,10.0,0.0,8.0
0.0,11.0,15.0,233.0,0.0,8.0,0.0,10.0,0.0,25.0,0.0,9.0,0.0,10.0,0.0,7.0,0.0,10.0
0.0,6.0,15.0,234.0,0.0,11.0,0.0,8.0,0.0,10.0,0.0,25.0,0.0,9.0,0.0,10.0,0.0,7.0
0.0,5.0,15.0,235.0,0.0,6.0,0.0,11.0,0.0,8.0,0.0,10.0,0.0,25.0,0.0,9.0,0.0,10.0
0.0,3.0,15.0,236.0,0.0,5.0,0.0,6.0,0.0,11.0,0.0,8.0,0.0,10.0,0.0,25.0,0.0,9.0
0.0,4.0,15.0,237.0,0.0,3.0,0.0,5.0,0.0,6.0,0.0,11.0,0.0,8.0,0.0,10.0,0.0,25.0
0.0,5.0,15.0,238.0,0.0,4.0,0.0,3.0,0.0,5.0,0.0,6.0,0.0,11.0,0.0,8.0,0.0,10.0
0.0,5.0,15.0,239.0,0.0,5.0,0.0,4.0,0.0,3.0,0.0,5.0,0.0,6.0,0.0,11.0,0.0,8.0
0.0,4.0,15.0,240.0,0.0,5.0,0.0,5.0,0.0,4.0,0.0,3.0,0.0,5.0,0.0,6.0,0.0,11.0
0.0,3.0,15.0,241.0,0.0,4.0,0.0,5.0,0.0,5.0,0.0,4.0,0.0,3.0,0.0,5.0,0.0,6.0
0.0,13.0,15.0,242.0,0.0,3.0,0.0,4.0,0.0,5.0,0.0,5.0,0.0,4.0,0.0,3.0,0.0,5.0
1.0,7.0,15.0,243.0,0.0,13.0,0.0,3.0,0.0,4.0,0.0,5.0,0.0,5.0,0.0,4.0,0.0,3.0
0.0,4.0,15.0,244.0,1.0,7.0,0.0,13.0,0.0,3.0,0.0,4.0,0.0,5.0,0.0,5.0,0.0,4.0
0.0,2.0,15.0,245.0,0.0,4.0,1.0,7.0,0.0,13.0,0.0,3.0,0.0,4.0,0.0,5.0,0.0,5.0
0.0,7.0,15.0,246.0,0.0,2.0,0.0,4.0,1.0,7.0,0.0,13.0,0.0,3.0,0.0,4.0,0.0,5.0
0.0,6.0,15.0,247.0,0.0,7.0,0.0,2.0,0.0,4.0,1.0,7.0,0.0,13.0,0.0,3.0,0.0,4.0
0.0,2.0,15.0,248.0,0.0,6.0,0.0,7.0,0.0,2.0,0.0,4.0,1.0,7.0,0.0,13.0,0.0,3.0
0.0,4.0,15.0,249.0,0.0,2.0,0.0,6.0,0.0,7.0,0.0,2.0,0.0,4.0,1.0,7.0,0.0,13.0
0.0,4.0,15.0,250.0,0.0,4.0,0.0,2.0,0.0,6.0,0.0,7.0,0.0,2.0,0.0,4.0,1.0,7.0
0.0,7.0,15.0,251.0,0.0,4.0,0.0,4.0,0.0,2.0,0.0,6.0,0.0,7.0,0.0,2.0,0.0,4.0
0.0,16.0,15.0,252.0,0.0,7.0,0.0,4.0,0.0,4.0,0.0,2.0,0.0,6.0,0.0,7.0,0.0,2.0
0.0,10.0,15.0,253.0,0.0,16.0,0.0,7.0,0.0,4.0,0.0,4.0,0.0,2.0,0.0,6.0,0.0,7.0
0.0,23.0,15.0,254.0,0.0,10.0,0.0,16.0,0.0,7.0,0.0,4.0,0.0,4.0,0.0,2.0,0.0,6.0
0.0,18.0,15.0,255.0,0.0,23.0,0.0,10.0,0.0,16.0,0.0,7.0,0.0,4.0,0.0,4.0,0.0,2.0
0.0,17.0,15.0,256.0,0.0,18.0,0.0,23.0,0.0,10.0,0.0,16.0,0.0,7.0,0.0,4.0,0.0,4.0
0.0,15.0,15.0,257.0,0.0,17.0,0.0,18.0,0.0,23.0,0.0,10.0,0.0,16.0,0.0,7.0,0.0,4.0
0.0,29.0,15.0,258.0,0.0,15.0,0.0,17.0,0.0,18.0,0.0,23.0,0.0,10.0,0.0,16.0,0.0,7.0
0.0,7.0,15.0,259.0,0.0,29.0,0.0,15.0,0.0,17.0,0.0,18.0,0.0,23.0,0.0,10.0,0.0,16.0
0.0,9.0,15.0,260.0,0.0,7.0,0.0,29.0,0.0,15.0,0.0,17.0,0.0,18.0,0.0,23.0,0.0,10.0
0.0,11.0,15.0,261.0,0.0,9.0,0.0,7.0,0.0,29.0,0.0,15.0,0.0,17.0,0.0,18.0,0.0,23.0
0.0,15.0,15.0,262.0,0.0,11.0,0.0,9.0,0.0,7.0,0.0,29.0,0.0,15.0,0.0,17.0,0.0,18.0
0.0,12.0,15.0,263.0,0.0,15.0,0.0,11.0,0.0,9.0,0.0,7.0,0.0,29.0,0.0,15.0,0.0,17.0
0.0,13.0,15.0,264.0,0.0,12.0,0.0,15.0,0.0,11.0,0.0,9.0,0.0,7.0,0.0,29.0,0.0,15.0
0.0,6.0,15.0,265.0,0.0,13.0,0.0,12.0,0.0,15.0,0.0,11.0,0.0,9.0,0.0,7.0,0.0,29.0
1.0,6.0,15.0,266.0,0.0,6.0,0.0,13.0,0.0,12.0,0.0,15.0,0.0,11.0,0.0,9.0,0.0,7.0
0.0,9.0,15.0,267.0,1.0,6.0,0.0,6.0,0.0,13.0,0.0,12.0,0.0,15.0,0.0,11.0,0.0,9.0
0.0,9.0,15.0,268.0,0.0,9.0,1.0,6.0,0.0,6.0,0.0,13.0,0.0,12.0,0.0,15.0,0.0,11.0
0.0,3.0,15.0,269.0,0.0,9.0,0.0,9.0,1.0,6.0,0.0,6.0,0.0,13.0,0.0,12.0,0.0,15.0
0.0,4.0,15.0,270.0,0.0,3.0,0.0,9.0,0.0,9.0,1.0,6.0,0.0,6.0,0.0,13.0,0.0,12.0
0.0,4.0,15.0,271.0,0.0,4.0,0.0,3.0,0.0,9.0,0.0,9.0,1.0,6.0,0.0,6.0,0.0,13.0
1.0,8.0,15.0,272.0,0.0,4.0,0.0,4.0,0.0,3.0,0.0,9.0,0.0,9.0,1.0,6.0,0.0,6.0
0.0,7.0,15.0,273.0,1.0,8.0,0.0,4.0,0.0,4.0,0.0,3.0,0.0,9.0,0.0,9.0,1.0,6.0
0.0,12.0,15.0,274.0,0.0,7.0,1.0,8.0,0.0,4.0,0.0,4.0,0.0,3.0,0.0,9.0,0.0,9.0
0.0,16.0,15.0,275.0,0.0,12.0,0.0,7.0,1.0,8.0,0.0,4.0,0.0,4.0,0.0,3.0,0.0,9.0
0.0,5.0,15.0,276.0,0.0,16.0,0.0,12.0,0.0,7.0,1.0,8.0,0.0,4.0,0.0,4.0,0.0,3.0
0.0,9.0,15.0,277.0,0.0,5.0,0.0,16.0,0.0,12.0,0.0,7.0,1.0,8.0,0.0,4.0,0.0,4.0
0.0,10.0,15.0,278.0,0.0,9.0,0.0,5.0,0.0,16.0,0.0,12.0,0.0,7.0,1.0,8.0,0.0,4.0
0.0,5.0,15.0,279.0,0.0,10.0,0.0,9.0,0.0,5.0,0.0,16.0,0.0,12.0,0.0,7.0,1.0,8.0
0.0,6.0,15.0,280.0,0.0,5.0,0.0,10.0,0.0,9.0,0.0,5.0,0.0,16.0,0.0,12.0,0.0,7.0
1.0,7.0,15.0,281.0,0.0,6.0,0.0,5.0,0.0,10.0,0.0,9.0,0.0,5.0,0.0,16.0,0.0,12.0
0.0,7.0,15.0,282.0,1.0,7.0,0.0,6.0,0.0,5.0,0.0,10.0,0.0,9.0,0.0,5.0,0.0,16.0
0.0,4.0,15.0,283.0,0.0,7.0,1.0,7.0,0.0,6.0,0.0,5.0,0.0,10.0,0.0,9.0,0.0,5.0
0.0,12.0,15.0,284.0,0.0,4.0,0.0,7.0,1.0,7.0,0.0,6.0,0.0,5.0,0.0,10.0,0.0,9.0
1.0,15.0,15.0,285.0,0.0,12.0,0.0,4.0,0.0,7.0,1.0,7.0,0.0,6.0,0.0,5.0,0.0,10.0
0.0,10.0,15.0,286.0,1.0,15.0,0.0,12.0,0.0,4.0,0.0,7.0,1.0,7.0,0.0,6.0,0.0,5.0
0.0,9.0,15.0,287.0,0.0,10.0,1.0,15.0,0.0,12.0,0.0,4.0,0.0,7.0,1.0,7.0,0.0,6.0
1.0,6.0,15.0,288.0,0.0,9.0,0.0,10.0,1.0,15.0,0.0,12.0,0.0,4.0,0.0,7.0,1.0,7.0
0.0,6.0,15.0,289.0,1.0,6.0,0.0,9.0,0.0,10.0,1.0,15.0,0.0,12.0,0.0,4.0,0.0,7.0
0.0,5.0,15.0,290.0,0.0,6.0,1.0,6.0,0.0,9.0,0.0,10.0,1.0,15.0,0.0,12.0,0.0,4.0
0.0,11.0,15.0,291.0,0.0,5.0,0.0,6.0,1.0,6.0,0.0,9.0,0.0,10.0,1.0,15.0,0.0,12.0
0.0,7.0,15.0,292.0,0.0,11.0,0.0,5.0,0.0,6.0,1.0,6.0,0.0,9.0,0.0,10.0,1.0,15.0
0.0,4.0,15.0,293.0,0.0,7.0,0.0,11.0,0.0,5.0,0.0,6.0,1.0,6.0,0.0,9.0,0.0,10.0
0.0,7.0,15.0,294.0,0.0,4.0,0.0,7.0,0.0,11.0,0.0,5.0,0.0,6.0,1.0,6.0,0.0,9.0
0.0,11.0,15.0,295.0,0.0,7.0,0.0,4.0,0.0,7.0,0.0,11.0,0.0,5.0,0.0,6.0,1.0,6.0
1.0,4.0,15.0,296.0,0.0,11.0,0.0,7.0,0.0,4.0,0.0,7.0,0.0,11.0,0.0,5.0,0.0,6.0
0.0,3.0,15.0,297.0,1.0,4.0,0.0,11.0,0.0,7.0,0.0,4.0,0.0,7.0,0.0,11.0,0.0,5.0
1.0,8.0,15.0,298.0,0.0,3.0,1.0,4.0,0.0,11.0,0.0,7.0,0.0,4.0,0.0,7.0,0.0,11.0
0.0,9.0,15.0,299.0,1.0,8.0,0.0,3.0,1.0,4.0,0.0,11.0,0.0,7.0,0.0,4.0,0.0,7.0
0.0,3.0,15.0,300.0,0.0,9.0,1.0,8.0,0.0,3.0,1.0,4.0,0.0,11.0,0.0,7.0,0.0,4.0
0.0,7.0,15.0,301.0,0.0,3.0,0.0,9.0,1.0,8.0,0.0,3.0,1.0,4.0,0.0,11.0,0.0,7.0
1.0,12.0,15.0,302.0,0.0,7.0,0.0,3.0,0.0,9.0,1.0,8.0,0.0,3.0,1.0,4.0,0.0,11.0
0.0,13.0,15.0,303.0,1.0,12.0,0.0,7.0,0.0,3.0,0.0,9.0,1.0,8.0,0.0,3.0,1.0,4.0
0.0,9.0,15.0,304.0,0.0,13.0,1.0,12.0,0.0,7.0,0.0,3.0,0.0,9.0,1.0,8.0,0.0,3.0
1.0,7.0,15.0,305.0,0.0,9.0,0.0,13.0,1.0,12.0,0.0,7.0,0.0,3.0,0.0,9.0,1.0,8.0
0.0,14.0,15.0,306.0,1.0,7.0,0.0,9.0,0.0,13.0,1.0,12.0,0.0,7.0,0.0,3.0,0.0,9.0
0.0,18.0,15.0,307.0,0.0,14.0,1.0,7.0,0.0,9.0,0.0,13.0,1.0,12.0,0.0,7.0,0.0,3.0
0.0,9.0,15.0,308.0,0.0,18.0,0.0,14.0,1.0,7.0,0.0,9.0,0.0,13.0,1.0,12.0,0.0,7.0
1.0,19.0,15.0,309.0,0.0,9.0,0.0,18.0,0.0,14.0,1.0,7.0,0.0,9.0,0.0,13.0,1.0,12.0
1.0,18.0,15.0,310.0,1.0,19.0,0.0,9.0,0.0,18.0,0.0,14.0,1.0,7.0,0.0,9.0,0.0,13.0
0.0,17.0,15.0,311.0,1.0,18.0,1.0,19.0,0.0,9.0,0.0,18.0,0.0,14.0,1.0,7.0,0.0,9.0
0.0,7.0,15.0,312.0,0.0,17.0,1.0,18.0,1.0,19.0,0.0,9.0,0.0,18.0,0.0,14.0,1.0,7.0
0.0,9.0,15.0,313.0,0.0,7.0,0.0,17.0,1.0,18.0,1.0,19.0,0.0,9.0,0.0,18.0,0.0,14.0
0.0,14.0,15.0,314.0,0.0,9.0,0.0,7.0,0.0,17.0,1.0,18.0,1.0,19.0,0.0,9.0,0.0,18.0
0.0,18.0,15.0,315.0,0.0,14.0,0.0,9.0,0.0,7.0,0.0,17.0,1.0,18.0,1.0,19.0,0.0,9.0
0.0,6.0,15.0,316.0,0.0,18.0,0.0,14.0,0.0,9.0,0.0,7.0,0.0,17.0,1.0,18.0,1.0,19.0
1.0,6.0,15.0,317.0,0.0,6.0,0.0,18.0,0.0,14.0,0.0,9.0,0.0,7.0,0.0,17.0,1.0,18.0
0.0,5.0,15.0,318.0,1.0,6.0,0.0,6.0,0.0,18.0,0.0,14.0,0.0,9.0,0.0,7.0,0.0,17.0
0.0,18.0,15.0,319.0,0.0,5.0,1.0,6.0,0.0,6.0,0.0,18.0,0.0,14.0,0.0,9.0,0.0,7.0
1.0,14.0,15.0,320.0,0.0,18.0,0.0,5.0,1.0,6.0,0.0,6.0,0.0,18.0,0.0,14.0,0.0,9.0
0.0,9.0,15.0,321.0,1.0,14.0,0.0,18.0,0.0,5.0,1.0,6.0,0.0,6.0,0.0,18.0,0.0,14.0
0.0,13.0,15.0,322.0,0.0,9.0,1.0,14.0,0.0,18.0,0.0,5.0,1.0,6.0,0.0,6.0,0.0,18.0
0.0,12.0,15.0,323.0,0.0,13.0,0.0,9.0,1.0,14.0,0.0,18.0,0.0,5.0,1.0,6.0,0.0,6.0
0.0,12.0,15.0,324.0,0.0,12.0,0.0,13.0,0.0,9.0,1.0,14.0,0.0,18.0,0.0,5.0,1.0,6.0
0.0,6.0,15.0,325.0,0.0,12.0,0.0,12.0,0.0,13.0,0.0,9.0,1.0,14.0,0.0,18.0,0.0,5.0
0.0,8.0,15.0,326.0,0.0,6.0,0.0,12.0,0.0,12.0,0.0,13.0,0.0,9.0,1.0,14.0,0.0,18.0
0.0,3.0,15.0,327.0,0.0,8.0,0.0,6.0,0.0,12.0,0.0,12.0,0.0,13.0,0.0,9.0,1.0,14.0
0.0,12.0,15.0,328.0,0.0,3.0,0.0,8.0,0.0,6.0,0.0,12.0,0.0,12.0,0.0,13.0,0.0,9.0
0.0,9.0,15.0,329.0,0.0,12.0,0.0,3.0,0.0,8.0,0.0,6.0,0.0,12.0,0.0,12.0,0.0,13.0
0.0,12.0,15.0,330.0,0.0,9.0,0.0,12.0,0.0,3.0,0.0,8.0,0.0,6.0,0.0,12.0,0.0,12.0
0.0,9.0,15.0,331.0,0.0,12.0,0.0,9.0,0.0,12.0,0.0,3.0,0.0,8.0,0.0,6.0,0.0,12.0
0.0,10.0,15.0,332.0,0.0,9.0,0.0,12.0,0.0,9.0,0.0,12.0,0.0,3.0,0.0,8.0,0.0,6.0
0.0,10.0,15.0,333.0,0.0,10.0,0.0,9.0,0.0,12.0,0.0,9.0,0.0,12.0,0.0,3.0,0.0,8.0
0.0,15.0,15.0,334.0,0.0,10.0,0.0,10.0,0.0,9.0,0.0,12.0,0.0,9.0,0.0,12.0,0.0,3.0
1.0,16.0,15.0,335.0,0.0,15.0,0.0,10.0,0.0,10.0,0.0,9.0,0.0,12.0,0.0,9.0,0.0,12.0
0.0,22.0,15.0,336.0,1.0,16.0,0.0,15.0,0.0,10.0,0.0,10.0,0.0,9.0,0.0,12.0,0.0,9.0
0.0,5.0,15.0,337.0,0.0,22.0,1.0,16.0,0.0,15.0,0.0,10.0,0.0,10.0,0.0,9.0,0.0,12.0
0.0,7.0,15.0,338.0,0.0,5.0,0.0,22.0,1.0,16.0,0.0,15.0,0.0,10.0,0.0,10.0,0.0,9.0
0.0,2.0,15.0,339.0,0.0,7.0,0.0,5.0,0.0,22.0,1.0,16.0,0.0,15.0,0.0,10.0,0.0,10.0
1.0,14.0,15.0,340.0,0.0,2.0,0.0,7.0,0.0,5.0,0.0,22.0,1.0,16.0,0.0,15.0,0.0,10.0
1.0,9.0,15.0,341.0,1.0,14.0,0.0,2.0,0.0,7.0,0.0,5.0,0.0,22.0,1.0,16.0,0.0,15.0
0.0,13.0,15.0,342.0,1.0,9.0,1.0,14.0,0.0,2.0,0.0,7.0,0.0,5.0,0.0,22.0,1.0,16.0
1.0,10.0,15.0,343.0,0.0,13.0,1.0,9.0,1.0,14.0,0.0,2.0,0.0,7.0,0.0,5.0,0.0,22.0
2.0,17.0,15.0,344.0,1.0,10.0,0.0,13.0,1.0,9.0,1.0,14.0,0.0,2.0,0.0,7.0,0.0,5.0
1.0,16.0,15.0,345.0,2.0,17.0,1.0,10.0,0.0,13.0,1.0,9.0,1.0,14.0,0.0,2.0,0.0,7.0
0.0,12.0,15.0,346.0,1.0,16.0,2.0,17.0,1.0,10.0,0.0,13.0,1.0,9.0,1.0,14.0,0.0,2.0
0.0,7.0,15.0,347.0,0.0,12.0,1.0,16.0,2.0,17.0,1.0,10.0,0.0,13.0,1.0,9.0,1.0,14.0
0.0,7.0,15.0,348.0,0.0,7.0,0.0,12.0,1.0,16.0,2.0,17.0,1.0,10.0,0.0,13.0,1.0,9.0
0.0,16.0,15.0,349.0,0.0,7.0,0.0,7.0,0.0,12.0,1.0,16.0,2.0,17.0,1.0,10.0,0.0,13.0
0.0,22.0,15.0,350.0,0.0,16.0,0.0,7.0,0.0,7.0,0.0,12.0,1.0,16.0,2.0,17.0,1.0,10.0
0.0,17.0,15.0,351.0,0.0,22.0,0.0,16.0,0.0,7.0,0.0,7.0,0.0,12.0,1.0,16.0,2.0,17.0
0.0,14.0,15.0,352.0,0.0,17.0,0.0,22.0,0.0,16.0,0.0,7.0,0.0,7.0,0.0,12.0,1.0,16.0
0.0,19.0,15.0,353.0,0.0,14.0,0.0,17.0,0.0,22.0,0.0,16.0,0.0,7.0,0.0,7.0,0.0,12.0
0.0,22.0,15.0,354.0,0.0,19.0,0.0,14.0,0.0,17.0,0.0,22.0,0.0,16.0,0.0,7.0,0.0,7.0
0.0,15.0,15.0,355.0,0.0,22.0,0.0,19.0,0.0,14.0,0.0,17.0,0.0,22.0,0.0,16.0,0.0,7.0
0.0,7.0,15.0,356.0,0.0,15.0,0.0,22.0,0.0,19.0,0.0,14.0,0.0,17.0,0.0,22.0,0.0,16.0
0.0,4.0,15.0,357.0,0.0,7.0,0.0,15.0,0.0,22.0,0.0,19.0,0.0,14.0,0.0,17.0,0.0,22.0
0.0,5.0,15.0,358.0,0.0,4.0,0.0,7.0,0.0,15.0,0.0,22.0,0.0,19.0,0.0,14.0,0.0,17.0
0.0,12.0,15.0,359.0,0.0,5.0,0.0,4.0,0.0,7.0,0.0,15.0,0.0,22.0,0.0,19.0,0.0,14.0
0.0,4.0,15.0,360.0,0.0,12.0,0.0,5.0,0.0,4.0,0.0,7.0,0.0,15.0,0.0,22.0,0.0,19.0
0.0,5.0,15.0,361.0,0.0,4.0,0.0,12.0,0.0,5.0,0.0,4.0,0.0,7.0,0.0,15.0,0.0,22.0
0.0,6.0,15.0,362.0,0.0,5.0,0.0,4.0,0.0,12.0,0.0,5.0,0.0,4.0,0.0,7.0,0.0,15.0
0.0,10.0,15.0,363.0,0.0,6.0,0.0,5.0,0.0,4.0,0.0,12.0,0.0,5.0,0.0,4.0,0.0,7.0
0.0,17.0,15.0,364.0,0.0,10.0,0.0,6.0,0.0,5.0,0.0,4.0,0.0,12.0,0.0,5.0,0.0,4.0
0.0,10.0,15.0,365.0,0.0,17.0,0.0,10.0,0.0,6.0,0.0,5.0,0.0,4.0,0.0,12.0,0.0,5.0
0.0,5.0,15.0,366.0,0.0,10.0,0.0,17.0,0.0,10.0,0.0,6.0,0.0,5.0,0.0,4.0,0.0,12.0
4.0,12.0,15.0,367.0,0.0,5.0,0.0,10.0,0.0,17.0,0.0,10.0,0.0,6.0,0.0,5.0,0.0,4.0
4.0,19.0,15.0,368.0,4.0,12.0,0.0,5.0,0.0,10.0,0.0,17.0,0.0,10.0,0.0,6.0,0.0,5.0
2.0,7.0,15.0,369.0,4.0,19.0,4.0,12.0,0.0,5.0,0.0,10.0,0.0,17.0,0.0,10.0,0.0,6.0
0.0,20.0,15.0,370.0,2.0,7.0,4.0,19.0,4.0,12.0,0.0,5.0,0.0,10.0,0.0,17.0,0.0,10.0
2.0,15.0,15.0,371.0,0.0,20.0,2.0,7.0,4.0,19.0,4.0,12.0,0.0,5.0,0.0,10.0,0.0,17.0
2.0,6.0,15.0,372.0,2.0,15.0,0.0,20.0,2.0,7.0,4.0,19.0,4.0,12.0,0.0,5.0,0.0,10.0
0.0,16.0,15.0,373.0,2.0,6.0,2.0,15.0,0.0,20.0,2.0,7.0,4.0,19.0,4.0,12.0,0.0,5.0
0.0,8.0,15.0,374.0,0.0,16.0,2.0,6.0,2.0,15.0,0.0,20.0,2.0,7.0,4.0,19.0,4.0,12.0
0.0,14.0,15.0,375.0,0.0,8.0,0.0,16.0,2.0,6.0,2.0,15.0,0.0,20.0,2.0,7.0,4.0,19.0
0.0,13.0,15.0,376.0,0.0,14.0,0.0,8.0,0.0,16.0,2.0,6.0,2.0,15.0,0.0,20.0,2.0,7.0
0.0,9.0,15.0,377.0,0.0,13.0,0.0,14.0,0.0,8.0,0.0,16.0,2.0,6.0,2.0,15.0,0.0,20.0
0.0,10.0,15.0,378.0,0.0,9.0,0.0,13.0,0.0,14.0,0.0,8.0,0.0,16.0,2.0,6.0,2.0,15.0
0.0,12.0,15.0,379.0,0.0,10.0,0.0,9.0,0.0,13.0,0.0,14.0,0.0,8.0,0.0,16.0,2.0,6.0
0.0,9.0,15.0,380.0,0.0,12.0,0.0,10.0,0.0,9.0,0.0,13.0,0.0,14.0,0.0,8.0,0.0,16.0
0.0,9.0,15.0,381.0,0.0,9.0,0.0,12.0,0.0,10.0,0.0,9.0,0.0,13.0,0.0,14.0,0.0,8.0
0.0,16.0,15.0,382.0,0.0,9.0,0.0,9.0,0.0,12.0,0.0,10.0,0.0,9.0,0.0,13.0,0.0,14.0
0.0,17.0,15.0,383.0,0.0,16.0,0.0,9.0,0.0,9.0,0.0,12.0,0.0,10.0,0.0,9.0,0.0,13.0
0.0,11.0,15.0,384.0,0.0,17.0,0.0,16.0,0.0,9.0,0.0,9.0,0.0,12.0,0.0,10.0,0.0,9.0
0.0,6.0,15.0,385.0,0.0,11.0,0.0,17.0,0.0,16.0,0.0,9.0,0.0,9.0,0.0,12.0,0.0,10.0
0.0,7.0,15.0,386.0,0.0,6.0,0.0,11.0,0.0,17.0,0.0,16.0,0.0,9.0,0.0,9.0,0.0,12.0
0.0,12.0,15.0,387.0,0.0,7.0,0.0,6.0,0.0,11.0,0.0,17.0,0.0,16.0,0.0,9.0,0.0,9.0
0.0,6.0,15.0,388.0,0.0,12.0,0.0,7.0,0.0,6.0,0.0,11.0,0.0,17.0,0.0,16.0,0.0,9.0
0.0,12.0,15.0,389.0,0.0,6.0,0.0,12.0,0.0,7.0,0.0,6.0,0.0,11.0,0.0,17.0,0.0,16.0
1.0,6.0,15.0,390.0,0.0,12.0,0.0,6.0,0.0,12.0,0.0,7.0,0.0,6.0,0.0,11.0,0.0,17.0
0.0,6.0,15.0,391.0,1.0,6.0,0.0,12.0,0.0,6.0,0.0,12.0,0.0,7.0,0.0,6.0,0.0,11.0
0.0,7.0,15.0,392.0,0.0,6.0,1.0,6.0,0.0,12.0,0.0,6.0,0.0,12.0,0.0,7.0,0.0,6.0
0.0,10.0,15.0,393.0,0.0,7.0,0.0,6.0,1.0,6.0,0.0,12.0,0.0,6.0,0.0,12.0,0.0,7.0
0.0,15.0,15.0,394.0,0.0,10.0,0.0,7.0,0.0,6.0,1.0,6.0,0.0,12.0,0.0,6.0,0.0,12.0
0.0,6.0,15.0,395.0,0.0,15.0,0.0,10.0,0.0,7.0,0.0,6.0,1.0,6.0,0.0,12.0,0.0,6.0
0.0,11.0,15.0,396.0,0.0,6.0,0.0,15.0,0.0,10.0,0.0,7.0,0.0,6.0,1.0,6.0,0.0,12.0
0.0,6.0,15.0,397.0,0.0,11.0,0.0,6.0,0.0,15.0,0.0,10.0,0.0,7.0,0.0,6.0,1.0,6.0
0.0,5.0,15.0,398.0,0.0,6.0,0.0,11.0,0.0,6.0,0.0,15.0,0.0,10.0,0.0,7.0,0.0,6.0
0.0,4.0,15.0,399.0,0.0,5.0,0.0,6.0,0.0,11.0,0.0,6.0,0.0,15.0,0.0,10.0,0.0,7.0
0.0,10.0,15.0,400.0,0.0,4.0,0.0,5.0,0.0,6.0,0.0,11.0,0.0,6.0,0.0,15.0,0.0,10.0
0.0,11.0,15.0,401.0,0.0,10.0,0.0,4.0,0.0,5.0,0.0,6.0,0.0,11.0,0.0,6.0,0.0,15.0
0.0,6.0,15.0,402.0,0.0,11.0,0.0,10.0,0.0,4.0,0.0,5.0,0.0,6.0,0.0,11.0,0.0,6.0
0.0,10.0,15.0,403.0,0.0,6.0,0.0,11.0,0.0,10.0,0.0,4.0,0.0,5.0,0.0,6.0,0.0,11.0
0.0,10.0,15.0,404.0,0.0,10.0,0.0,6.0,0.0,11.0,0.0,10.0,0.0,4.0,0.0,5.0,0.0,6.0
0.0,3.0,15.0,405.0,0.0,10.0,0.0,10.0,0.0,6.0,0.0,11.0,0.0,10.0,0.0,4.0,0.0,5.0
0.0,7.0,15.0,406.0,0.0,3.0,0.0,10.0,0.0,10.0,0.0,6.0,0.0,11.0,0.0,10.0,0.0,4.0
0.0,6.0,15.0,407.0,0.0,7.0,0.0,3.0,0.0,10.0,0.0,10.0,0.0,6.0,0.0,11.0,0.0,10.0
0.0,6.0,15.0,408.0,0.0,6.0,0.0,7.0,0.0,3.0,0.0,10.0,0.0,10.0,0.0,6.0,0.0,11.0
0.0,5.0,15.0,409.0,0.0,6.0,0.0,6.0,0.0,7.0,0.0,3.0,0.0,10.0,0.0,10.0,0.0,6.0
0.0,9.0,15.0,410.0,0.0,5.0,0.0,6.0,0.0,6.0,0.0,7.0,0.0,3.0,0.0,10.0,0.0,10.0
0.0,8.0,15.0,411.0,0.0,9.0,0.0,5.0,0.0,6.0,0.0,6.0,0.0,7.0,0.0,3.0,0.0,10.0
0.0,5.0,15.0,412.0,0.0,8.0,0.0,9.0,0.0,5.0,0.0,6.0,0.0,6.0,0.0,7.0,0.0,3.0
0.0,5.0,15.0,413.0,0.0,5.0,0.0,8.0,0.0,9.0,0.0,5.0,0.0,6.0,0.0,6.0,0.0,7.0
0.0,5.0,15.0,414.0,0.0,5.0,0.0,5.0,0.0,8.0,0.0,9.0,0.0,5.0,0.0,6.0,0.0,6.0
0.0,7.0,15.0,415.0,0.0,5.0,0.0,5.0,0.0,5.0,0.0,8.0,0.0,9.0,0.0,5.0,0.0,6.0
0.0,9.0,15.0,416.0,0.0,7.0,0.0,5.0,0.0,5.0,0.0,5.0,0.0,8.0,0.0,9.0,0.0,5.0
0.0,9.0,15.0,417.0,0.0,9.0,0.0,7.0,0.0,5.0,0.0,5.0,0.0,5.0,0.0,8.0,0.0,9.0
0.0,6.0,15.0,418.0,0.0,9.0,0.0,9.0,0.0,7.0,0.0,5.0,0.0,5.0,0.0,5.0,0.0,8.0
0.0,8.0,15.0,419.0,0.0,6.0,0.0,9.0,0.0,9.0,0.0,7.0,0.0,5.0,0.0,5.0,0.0,5.0
0.0,7.0,15.0,420.0,0.0,8.0,0.0,6.0,0.0,9.0,0.0,9.0,0.0,7.0,0.0,5.0,0.0,5.0
0.0,6.0,15.0,421.0,0.0,7.0,0.0,8.0,0.0,6.0,0.0,9.0,0.0,9.0,0.0,7.0,0.0,5.0
0.0,6.0,15.0,422.0,0.0,6.0,0.0,7.0,0.0,8.0,0.0,6.0,0.0,9.0,0.0,9.0,0.0,7.0
0.0,1.0,15.0,423.0,0.0,6.0,0.0,6.0,0.0,7.0,0.0,8.0,0.0,6.0,0.0,9.0,0.0,9.0
0.0,13.0,15.0,424.0,0.0,1.0,0.0,6.0,0.0,6.0,0.0,7.0,0.0,8.0,0.0,6.0,0.0,9.0
0.0,17.0,15.0,425.0,0.0,13.0,0.0,1.0,0.0,6.0,0.0,6.0,0.0,7.0,0.0,8.0,0.0,6.0
0.0,9.0,15.0,426.0,0.0,17.0,0.0,13.0,0.0,1.0,0.0,6.0,0.0,6.0,0.0,7.0,0.0,8.0
0.0,2.0,15.0,427.0,0.0,9.0,0.0,17.0,0.0,13.0,0.0,1.0,0.0,6.0,0.0,6.0,0.0,7.0
0.0,7.0,15.0,428.0,0.0,2.0,0.0,9.0,0.0,17.0,0.0,13.0,0.0,1.0,0.0,6.0,0.0,6.0
0.0,6.0,15.0,429.0,0.0,7.0,0.0,2.0,0.0,9.0,0.0,17.0,0.0,13.0,0.0,1.0,0.0,6.0
0.0,2.0,15.0,430.0,0.0,6.0,0.0,7.0,0.0,2.0,0.0,9.0,0.0,17.0,0.0,13.0,0.0,1.0
0.0,4.0,15.0,431.0,0.0,2.0,0.0,6.0,0.0,7.0,0.0,2.0,0.0,9.0,0.0,17.0,0.0,13.0
0.0,7.0,15.0,432.0,0.0,4.0,0.0,2.0,0.0,6.0,0.0,7.0,0.0,2.0,0.0,9.0,0.0,17.0
0.0,12.0,15.0,433.0,0.0,7.0,0.0,4.0,0.0,2.0,0.0,6.0,0.0,7.0,0.0,2.0,0.0,9.0
0.0,17.0,15.0,434.0,0.0,12.0,0.0,7.0,0.0,4.0,0.0,2.0,0.0,6.0,0.0,7.0,0.0,2.0
0.0,10.0,15.0,435.0,0.0,17.0,0.0,12.0,0.0,7.0,0.0,4.0,0.0,2.0,0.0,6.0,0.0,7.0
0.0,13.0,15.0,436.0,0.0,10.0,0.0,17.0,0.0,12.0,0.0,7.0,0.0,4.0,0.0,2.0,0.0,6.0
0.0,14.0,15.0,437.0,0.0,13.0,0.0,10.0,0.0,17.0,0.0,12.0,0.0,7.0,0.0,4.0,0.0,2.0
0.0,9.0,15.0,438.0,0.0,14.0,0.0,13.0,0.0,10.0,0.0,17.0,0.0,12.0,0.0,7.0,0.0,4.0
0.0,7.0,15.0,439.0,0.0,9.0,0.0,14.0,0.0,13.0,0.0,10.0,0.0,17.0,0.0,12.0,0.0,7.0
0.0,14.0,15.0,440.0,0.0,7.0,0.0,9.0,0.0,14.0,0.0,13.0,0.0,10.0,0.0,17.0,0.0,12.0
0.0,18.0,15.0,441.0,0.0,14.0,0.0,7.0,0.0,9.0,0.0,14.0,0.0,13.0,0.0,10.0,0.0,17.0
0.0,0.0,17.0,8.0,0.0,1.0,0.0,1.0,0.0,1.0,0.0,0.0,0.0,0.0,0.0,1.0,0.0,1.0
0.0,1.0,17.0,9.0,0.0,0.0,0.0,1.0,0.0,1.0,0.0,1.0,0.0,0.0,0.0,0.0,0.0,1.0
0.0,3.0,17.0,10.0,0.0,1.0,0.0,0.0,0.0,1.0,0.0,1.0,0.0,1.0,0.0,0.0,0.0,0.0
0.0,0.0,17.0,11.0,0.0,3.0,0.0,1.0,0.0,0.0,0.0,1.0,0.0,1.0,0.0,1.0,0.0,0.0
0.0,2.0,17.0,12.0,0.0,0.0,0.0,3.0,0.0,1.0,0.0,0.0,0.0,1.0,0.0,1.0,0.0,1.0
0.0,2.0,17.0,13.0,0.0,2.0,0.0,0.0,0.0,3.0,0.0,1.0,0.0,0.0,0.0,1.0,0.0,1.0
0.0,5.0,17.0,14.0,0.0,2.0,0.0,2.0,0.0,0.0,0.0,3.0,0.0,1.0,0.0,0.0,0.0,1.0
0.0,2.0,17.0,15.0,0.0,5.0,0.0,2.0,0.0,2.0,0.0,0.0,0.0,3.0,0.0,1.0,0.0,0.0
0.0,0.0,17.0,16.0,0.0,2.0,0.0,5.0,0.0,2.0,0.0,2.0,0.0,0.0,0.0,3.0,0.0,1.0
0.0,1.0,17.0,17.0,0.0,0.0,0.0,2.0,0.0,5.0,0.0,2.0,0.0,2.0,0.0,0.0,0.0,3.0
0.0,3.0,17.0,18.0,0.0,1.0,0.0,0.0,0.0,2.0,0.0,5.0,0.0,2.0,0.0,2.0,0.0,0.0
0.0,2.0,17.0,19.0,0.0,3.0,0.0,1.0,0.0,0.0,0.0,2.0,0.0,5.0,0.0,2.0,0.0,2.0
0.0,4.0,17.0,20.0,0.0,2.0,0.0,3.0,0.0,1.0,0.0,0.0,0.0,2.0,0.0,5.0,0.0,2.0
0.0,1.0,17.0,21.0,0.0,4.0,0.0,2.0,0.0,3.0,0.0,1.0,0.0,0.0,0.0,2.0,0.0,5.0
0.0,0.0,17.0,22.0,0.0,1.0,0.0,4.0,0.0,2.0,0.0,3.0,0.0,1.0,0.0,0.0,0.0,2.0
0.0,0.0,17.0,23.0,0.0,0.0,0.0,1.0,0.0,4.0,0.0,2.0,0.0,3.0,0.0,1.0,0.0,0.0
0.0,1.0,17.0,24.0,0.0,0.0,0.0,0.0,0.0,1.0,0.0,4.0,0.0,2.0,0.0,3.0,0.0,1.0
0.0,1.0,17.0,25.0,0.0,1.0,0.0,0.0,0.0,0.0,0.0,1.0,0.0,4.0,0.0,2.0,0.0,3.0
0.0,2.0,17.0,26.0,0.0,1.0,0.0,1.0,0.0,0.0,0.0,0.0,0.0,1.0,0.0,4.0,0.0,2.0
0.0,1.0,17.0,27.0,0.0,2.0,0.0,1.0,0.0,1.0,0.0,0.0,0.0,0.0,0.0,1.0,0.0,4.0
0.0,1.0,17.0,28.0,0.0,1.0,0.0,2.0,0.0,1.0,0.0,1.0,0.0,0.0,0.0,0.0,0.0,1.0
0.0,1.0,17.0,29.0,0.0,1.0,0.0,1.0,0.0,2.0,0.0,1.0,0.0,1.0,0.0,0.0,0.0,0.0
0.0,0.0,17.0,30.0,0.0,1.0,0.0,1.0,0.0,1.0,0.0,2.0,0.0,1.0,0.0,1.0,0.0,0.0
0.0,1.0,17.0,31.0,0.0,0.0,0.0,1.0,0.0,1.0,0.0,1.0,0.0,2.0,0.0,1.0,0.0,1.0
0.0,1.0,17.0,32.0,0.0,1.0,0.0,0.0,0.0,1.0,0.0,1.0,0.0,1.0,0.0,2.0,0.0,1.0
0.0,2.0,17.0,33.0,0.0,1.0,0.0,1.0,0.0,0.0,0.0,1.0,0.0,1.0,0.0,1.0,0.0,2.0
0.0,0.0,17.0,34.0,0.0,2.0,0.0,1.0,0.0,1.0,0.0,0.0,0.0,1.0,0.0,1.0,0.0,1.0
0.0,2.0,17.0,35.0,0.0,0.0,0.0,2.0,0.0,1.0,0.0,1.0,0.0,0.0,0.0,1.0,0.0,1.0
0.0,1.0,17.0,36.0,0.0,2.0,0.0,0.0,0.0,2.0,0.0,1.0,0.0,1.0,0.0,0.0,0.0,1.0
0.0,0.0,17.0,37.0,0.0,1.0,0.0,2.0,0.0,0.0,0.0,2.0,0.0,1.0,0.0,1.0,0.0,0.0
0.0,3.0,17.0,38.0,0.0,0.0,0.0,1.0,0.0,2.0,0.0,0.0,0.0,2.0,0.0,1.0,0.0,1.0
0.0,2.0,17.0,39.0,0.0,3.0,0.0,0.0,0.0,1.0,0.0,2.0,0.0,0.0,0.0,2.0,0.0,1.0
0.0,0.0,17.0,40.0,0.0,2.0,0.0,3.0,0.0,0.0,0.0,1.0,0.0,2.0,0.0,0.0,0.0,2.0
0.0,3.0,17.0,41.0,0.0,0.0,0.0,2.0,0.0,3.0,0.0,0.0,0.0,1.0,0.0,2.0,0.0,0.0
0.0,3.0,17.0,42.0,0.0,3.0,0.0,0.0,0.0,2.0,0.0,3.0,0.0,0.0,0.0,1.0,0.0,2.0
0.0,5.0,17.0,43.0,0.0,3.0,0.0,3.0,0.0,0.0,0.0,2.0,0.0,3.0,0.0,0.0,0.0,1.0
0.0,1.0,17.0,44.0,0.0,5.0,0.0,3.0,0.0,3.0,0.0,0.0,0.0,2.0,0.0,3.0,0.0,0.0
0.0,2.0,17.0,45.0,0.0,1.0,0.0,5.0,0.0,3.0,0.0,3.0,0.0,0.0,0.0,2.0,0.0,3.0
0.0,1.0,17.0,46.0,0.0,2.0,0.0,1.0,0.0,5.0,0.0,3.0,0.0,3.0,0.0,0.0,0.0,2.0
0.0,1.0,17.0,47.0,0.0,1.0,0.0,2.0,0.0,1.0,0.0,5.0,0.0,3.0,0.0,3.0,0.0,0.0
0.0,3.0,17.0,48.0,0.0,1.0,0.0,1.0,0.0,2.0,0.0,1.0,0.0,5.0,0.0,3.0,0.0,3.0
0.0,3.0,17.0,49.0,0.0,3.0,0.0,1.0,0.0,1.0,0.0,2.0,0.0,1.0,0.0,5.0,0.0,3.0
0.0,2.0,17.0,50.0,0.0,3.0,0.0,3.0,0.0,1.0,0.0,1.0,0.0,2.0,0.0,1.0,0.0,5.0
0.0,2.0,17.0,51.0,0.0,2.0,0.0,3.0,0.0,3.0,0.0,1.0,0.0,1.0,0.0,2.0,0.0,1.0
0.0,1.0,17.0,52.0,0.0,2.0,0.0,2.0,0.0,3.0,0.0,3.0,0.0,1.0,0.0,1.0,0.0,2.0
0.0,3.0,17.0,53.0,0.0,1.0,0.0,2.0,0.0,2.0,0.0,3.0,0.0,3.0,0.0,1.0,0.0,1.0
0.0,5.0,17.0,54.0,0.0,3.0,0.0,1.0,0.0,2.0,0.0,2.0,0.0,3.0,0.0,3.0,0.0,1.0
0.0,3.0,17.0,55.0,0.0,5.0,0.0,3.0,0.0,1.0,0.0,2.0,0.0,2.0,0.0,3.0,0.0,3.0
0.0,1.0,17.0,56.0,0.0,3.0,0.0,5.0,0.0,3.0,0.0,1.0,0.0,2.0,0.0,2.0,0.0,3.0
0.0,0.0,17.0,57.0,0.0,1.0,0.0,3.0,0.0,5.0,0.0,3.0,0.0,1.0,0.0,2.0,0.0,2.0
0.0,0.0,17.0,58.0,0.0,0.0,0.0,1.0,0.0,3.0,0.0,5.0,0.0,3.0,0.0,1.0,0.0,2.0
0.0,0.0,17.0,59.0,0.0,0.0,0.0,0.0,0.0,1.0,0.0,3.0,0.0,5.0,0.0,3.0,0.0,1.0
0.0,1.0,17.0,60.0,0.0,0.0,0.0,0.0,0.0,0.0,0.0,1.0,0.0,3.0,0.0,5.0,0.0,3.0
0.0,2.0,17.0,61.0,0.0,1.0,0.0,0.0,0.0,0.0,0.0,0.0,0.0,1.0,0.0,3.0,0.0,5.0
0.0,2.0,17.0,62.0,0.0,2.0,0.0,1.0,0.0,0.0,0.0,0.0,0.0,0.0,0.0,1.0,0.0,3.0
0.0,0.0,17.0,63.0,0.0,2.0,0.0,2.0,0.0,1.0,0.0,0.0,0.0,0.0,0.0,0.0,0.0,1.0
0.0,1.0,17.0,64.0,0.0,0.0,0.0,2.0,0.0,2.0,0.0,1.0,0.0,0.0,0.0,0.0,0.0,0.0
0.0,0.0,17.0,65.0,0.0,1.0,0.0,0.0,0.0,2.0,0.0,2.0,0.0,1.0,0.0,0.0,0.0,0.0
0.0,2.0,17.0,66.0,0.0,0.0,0.0,1.0,0.0,0.0,0.0,2.0,0.0,2.0,0.0,1.0,0.0,0.0
0.0,1.0,17.0,67.0,0.0,2.0,0.0,0.0,0.0,1.0,0.0,0.0,0.0,2.0,0.0,2.0,0.0,1.0
0.0,2.0,17.0,68.0,0.0,1.0,0.0,2.0,0.0,0.0,0.0,1.0,0.0,0.0,0.0,2.0,0.0,2.0
0.0,0.0,17.0,69.0,0.0,2.0,0.0,1.0,0.0,2.0,0.0,0.0,0.0,1.0,0.0,0.0,0.0,2.0
0.0,2.0,17.0,70.0,0.0,0.0,0.0,2.0,0.0,1.0,0.0,2.0,0.0,0.0,0.0,1.0,0.0,0.0
0.0,3.0,17.0,71.0,0.0,2.0,0.0,0.0,0.0,2.0,0.0,1.0,0.0,2.0,0.0,0.0,0.0,1.0
0.0,2.0,17.0,72.0,0.0,3.0,0.0,2.0,0.0,0.0,0.0,2.0,0.0,1.0,0.0,2.0,0.0,0.0
0.0,1.0,17.0,73.0,0.0,2.0,0.0,3.0,0.0,2.0,0.0,0.0,0.0,2.0,0.0,1.0,0.0,2.0
0.0,1.0,17.0,74.0,0.0,1.0,0.0,2.0,0.0,3.0,0.0,2.0,0.0,0.0,0.0,2.0,0.0,1.0
0.0,3.0,17.0,75.0,0.0,1.0,0.0,1.0,0.0,2.0,0.0,3.0,0.0,2.0,0.0,0.0,0.0,2.0
0.0,2.0,17.0,76.0,0.0,3.0,0.0,1.0,0.0,1.0,0.0,2.0,0.0,3.0,0.0,2.0,0.0,0.0
0.0,1.0,17.0,77.0,0.0,2.0,0.0,3.0,0.0,1.0,0.0,1.0,0.0,2.0,0.0,3.0,0.0,2.0
0.0,0.0,17.0,78.0,0.0,1.0,0.0,2.0,0.0,3.0,0.0,1.0,0.0,1.0,0.0,2.0,0.0,3.0
0.0,0.0,17.0,79.0,0.0,0.0,0.0,1.0,0.0,2.0,0.0,3.0,0.0,1.0,0.0,1.0,0.0,2.0
0.0,2.0,17.0,80.0,0.0,0.0,0.0,0.0,0.0,1.0,0.0,2.0,0.0,3.0,0.0,1.0,0.0,1.0
0.0,3.0,17.0,81.0,0.0,2.0,0.0,0.0,0.0,0.0,0.0,1.0,0.0,2.0,0.0,3.0,0.0,1.0
0.0,5.0,17.0,82.0,0.0,3.0,0.0,2.0,0.0,0.0,0.0,0.0,0.0,1.0,0.0,2.0,0.0,3.0
0.0,1.0,17.0,83.0,0.0,5.0,0.0,3.0,0.0,2.0,0.0,0.0,0.0,0.0,0.0,1.0,0.0,2.0
0.0,1.0,17.0,84.0,0.0,1.0,0.0,5.0,0.0,3.0,0.0,2.0,0.0,0.0,0.0,0.0,0.0,1.0
0.0,1.0,17.0,85.0,0.0,1.0,0.0,1.0,0.0,5.0,0.0,3.0,0.0,2.0,0.0,0.0,0.0,0.0
0.0,2.0,17.0,86.0,0.0,1.0,0.0,1.0,0.0,1.0,0.0,5.0,0.0,3.0,0.0,2.0,0.0,0.0
0.0,0.0,17.0,87.0,0.0,2.0,0.0,1.0,0.0,1.0,0.0,1.0,0.0,5.0,0.0,3.0,0.0,2.0
0.0,0.0,17.0,88.0,0.0,0.0,0.0,2.0,0.0,1.0,0.0,1.0,0.0,1.0,0.0,5.0,0.0,3.0
0.0,0.0,17.0,89.0,0.0,0.0,0.0,0.0,0.0,2.0,0.0,1.0,0.0,1.0,0.0,1.0,0.0,5.0
0.0,2.0,17.0,90.0,0.0,0.0,0.0,0.0,0.0,0.0,0.0,2.0,0.0,1.0,0.0,1.0,0.0,1.0
0.0,4.0,17.0,91.0,0.0,2.0,0.0,0.0,0.0,0.0,0.0,0.0,0.0,2.0,0.0,1.0,0.0,1.0
0.0,0.0,17.0,92.0,0.0,4.0,0.0,2.0,0.0,0.0,0.0,0.0,0.0,0.0,0.0,2.0,0.0,1.0
0.0,2.0,17.0,93.0,0.0,0.0,0.0,4.0,0.0,2.0,0.0,0.0,0.0,0.0,0.0,0.0,0.0,2.0
0.0,0.0,17.0,94.0,0.0,2.0,0.0,0.0,0.0,4.0,0.0,2.0,0.0,0.0,0.0,0.0,0.0,0.0
0.0,2.0,17.0,95.0,0.0,0.0,0.0,2.0,0.0,0.0,0.0,4.0,0.0,2.0,0.0,0.0,0.0,0.0
0.0,0.0,17.0,96.0,0.0,2.0,0.0,0.0,0.0,2.0,0.0,0.0,0.0,4.0,0.0,2.0,0.0,0.0
0.0,0.0,17.0,97.0,0.0,0.0,0.0,2.0,0.0,0.0,0.0,2.0,0.0,0.0,0.0,4.0,0.0,2.0
0.0,0.0,17.0,98.0,0.0,0.0,0.0,0.0,0.0,2.0,0.0,0.0,0.0,2.0,0.0,0.0,0.0,4.0
0.0,4.0,17.0,99.0,0.0,0.0,0.0,0.0,0.0,0.0,0.0,2.0,0.0,0.0,0.0,2.0,0.0,0.0
0.0,6.0,17.0,100.0,0.0,4.0,0.0,0.0,0.0,0.0,0.0,0.0,0.0,2.0,0.0,0.0,0.0,2.0
0.0,2.0,17.0,101.0,0.0,6.0,0.0,4.0,0.0,0.0,0.0,0.0,0.0,0.0,0.0,2.0,0.0,0.0
0.0,1.0,17.0,102.0,0.0,2.0,0.0,6.0,0.0,4.0,0.0,0.0,0.0,0.0,0.0,0.0,0.0,2.0
0.0,1.0,17.0,103.0,0.0,1.0,0.0,2.0,0.0,6.0,0.0,4.0,0.0,0.0,0.0,0.0,0.0,0.0
0.0,0.0,17.0,104.0,0.0,1.0,0.0,1.0,0.0,2.0,0.0,6.0,0.0,4.0,0.0,0.0,0.0,0.0
0.0,0.0,17.0,105.0,0.0,0.0,0.0,1.0,0.0,1.0,0.0,2.0,0.0,6.0,0.0,4.0,0.0,0.0
0.0,4.0,17.0,106.0,0.0,0.0,0.0,0.0,0.0,1.0,0.0,1.0,0.0,2.0,0.0,6.0,0.0,4.0
0.0,1.0,17.0,107.0,0.0,4.0,0.0,0.0,0.0,0.0,0.0,1.0,0.0,1.0,0.0,2.0,0.0,6.0
0.0,1.0,17.0,108.0,0.0,1.0,0.0,4.0,0.0,0.0,0.0,0.0,0.0,1.0,0.0,1.0,0.0,2.0
0.0,1.0,17.0,109.0,0.0,1.0,0.0,1.0,0.0,4.0,0.0,0.0,0.0,0.0,0.0,1.0,0.0,1.0
0.0,0.0,17.0,110.0,0.0,1.0,0.0,1.0,0.0,1.0,0.0,4.0,0.0,0.0,0.0,0.0,0.0,1.0
0.0,0.0,17.0,111.0,0.0,0.0,0.0,1.0,0.0,1.0,0.0,1.0,0.0,4.0,0.0,0.0,0.0,0.0
0.0,0.0,17.0,112.0,0.0,0.0,0.0,0.0,0.0,1.0,0.0,1.0,0.0,1.0,0.0,4.0,0.0,0.0
0.0,3.0,17.0,113.0,0.0,0.0,0.0,0.0,0.0,0.0,0.0,1.0,0.0,1.0,0.0,1.0,0.0,4.0
0.0,1.0,17.0,114.0,0.0,3.0,0.0,0.0,0.0,0.0,0.0,0.0,0.0,1.0,0.0,1.0,0.0,1.0
0.0,2.0,17.0,115.0,0.0,1.0,0.0,3.0,0.0,0.0,0.0,0.0,0.0,0.0,0.0,1.0,0.0,1.0
0.0,1.0,17.0,116.0,0.0,2.0,0.0,1.0,0.0,3.0,0.0,0.0,0.0,0.0,0.0,0.0,0.0,1.0
0.0,4.0,17.0,117.0,0.0,1.0,0.0,2.0,0.0,1.0,0.0,3.0,0.0,0.0,0.0,0.0,0.0,0.0
0.0,2.0,17.0,118.0,0.0,4.0,0.0,1.0,0.0,2.0,0.0,1.0,0.0,3.0,0.0,0.0,0.0,0.0
0.0,3.0,17.0,119.0,0.0,2.0,0.0,4.0,0.0,1.0,0.0,2.0,0.0,1.0,0.0,3.0,0.0,0.0
0.0,6.0,17.0,120.0,0.0,3.0,0.0,2.0,0.0,4.0,0.0,1.0,0.0,2.0,0.0,1.0,0.0,3.0
0.0,1.0,17.0,121.0,0.0,6.0,0.0,3.0,0.0,2.0,0.0,4.0,0.0,1.0,0.0,2.0,0.0,1.0
0.0,4.0,17.0,122.0,0.0,1.0,0.0,6.0,0.0,3.0,0.0,2.0,0.0,4.0,0.0,1.0,0.0,2.0
0.0,4.0,17.0,123.0,0.0,4.0,0.0,1.0,0.0,6.0,0.0,3.0,0.0,2.0,0.0,4.0,0.0,1.0
0.0,2.0,17.0,124.0,0.0,4.0,0.0,4.0,0.0,1.0,0.0,6.0,0.0,3.0,0.0,2.0,0.0,4.0
0.0,1.0,17.0,125.0,0.0,2.0,0.0,4.0,0.0,4.0,0.0,1.0,0.0,6.0,0.0,3.0,0.0,2.0
0.0,2.0,17.0,126.0,0.0,1.0,0.0,2.0,0.0,4.0,0.0,4.0,0.0,1.0,0.0,6.0,0.0,3.0
0.0,3.0,17.0,127.0,0.0,2.0,0.0,1.0,0.0,2.0,0.0,4.0,0.0,4.0,0.0,1.0,0.0,6.0
0.0,0.0,17.0,128.0,0.0,3.0,0.0,2.0,0.0,1.0,0.0,2.0,0.0,4.0,0.0,4.0,0.0,1.0
0.0,1.0,17.0,129.0,0.0,0.0,0.0,3.0,0.0,2.0,0.0,1.0,0.0,2.0,0.0,4.0,0.0,4.0
0.0,0.0,17.0,130.0,0.0,1.0,0.0,0.0,0.0,3.0,0.0,2.0,0.0,1.0,0.0,2.0,0.0,4.0
0.0,1.0,17.0,131.0,0.0,0.0,0.0,1.0,0.0,0.0,0.0,3.0,0.0,2.0,0.0,1.0,0.0,2.0
0.0,1.0,17.0,132.0,0.0,1.0,0.0,0.0,0.0,1.0,0.0,0.0,0.0,3.0,0.0,2.0,0.0,1.0
0.0,2.0,17.0,133.0,0.0,1.0,0.0,1.0,0.0,0.0,0.0,1.0,0.0,0.0,0.0,3.0,0.0,2.0
0.0,2.0,17.0,134.0,0.0,2.0,0.0,1.0,0.0,1.0,0.0,0.0,0.0,1.0,0.0,0.0,0.0,3.0
0.0,1.0,17.0,135.0,0.0,2.0,0.0,2.0,0.0,1.0,0.0,1.0,0.0,0.0,0.0,1.0,0.0,0.0
0.0,7.0,17.0,136.0,0.0,1.0,0.0,2.0,0.0,2.0,0.0,1.0,0.0,1.0,0.0,0.0,0.0,1.0
0.0,2.0,17.0,137.0,0.0,7.0,0.0,1.0,0.0,2.0,0.0,2.0,0.0,1.0,0.0,1.0,0.0,0.0
0.0,2.0,17.0,138.0,0.0,2.0,0.0,7.0,0.0,1.0,0.0,2.0,0.0,2.0,0.0,1.0,0.0,1.0
0.0,2.0,17.0,139.0,0.0,2.0,0.0,2.0,0.0,7.0,0.0,1.0,0.0,2.0,0.0,2.0,0.0,1.0
0.0,1.0,17.0,140.0,0.0,2.0,0.0,2.0,0.0,2.0,0.0,7.0,0.0,1.0,0.0,2.0,0.0,2.0
0.0,4.0,17.0,141.0,0.0,1.0,0.0,2.0,0.0,2.0,0.0,2.0,0.0,7.0,0.0,1.0,0.0,2.0
0.0,2.0,17.0,142.0,0.0,4.0,0.0,1.0,0.0,2.0,0.0,2.0,0.0,2.0,0.0,7.0,0.0,1.0
0.0,5.0,17.0,143.0,0.0,2.0,0.0,4.0,0.0,1.0,0.0,2.0,0.0,2.0,0.0,2.0,0.0,7.0
0.0,5.0,17.0,144.0,0.0,5.0,0.0,2.0,0.0,4.0,0.0,1.0,0.0,2.0,0.0,2.0,0.0,2.0
0.0,0.0,17.0,145.0,0.0,5.0,0.0,5.0,0.0,2.0,0.0,4.0,0.0,1.0,0.0,2.0,0.0,2.0
0.0,1.0,17.0,146.0,0.0,0.0,0.0,5.0,0.0,5.0,0.0,2.0,0.0,4.0,0.0,1.0,0.0,2.0
0.0,0.0,17.0,147.0,0.0,1.0,0.0,0.0,0.0,5.0,0.0,5.0,0.0,2.0,0.0,4.0,0.0,1.0
0.0,2.0,17.0,148.0,0.0,0.0,0.0,1.0,0.0,0.0,0.0,5.0,0.0,5.0,0.0,2.0,0.0,4.0
0.0,4.0,17.0,149.0,0.0,2.0,0.0,0.0,0.0,1.0,0.0,0.0,0.0,5.0,0.0,5.0,0.0,2.0
0.0,2.0,17.0,150.0,0.0,4.0,0.0,2.0,0.0,0.0,0.0,1.0,0.0,0.0,0.0,5.0,0.0,5.0
0.0,1.0,17.0,151.0,0.0,2.0,0.0,4.0,0.0,2.0,0.0,0.0,0.0,1.0,0.0,0.0,0.0,5.0
0.0,0.0,17.0,152.0,0.0,1.0,0.0,2.0,0.0,4.0,0.0,2.0,0.0,0.0,0.0,1.0,0.0,0.0
0.0,2.0,17.0,153.0,0.0,0.0,0.0,1.0,0.0,2.0,0.0,4.0,0.0,2.0,0.0,0.0,0.0,1.0
0.0,0.0,17.0,154.0,0.0,2.0,0.0,0.0,0.0,1.0,0.0,2.0,0.0,4.0,0.0,2.0,0.0,0.0
0.0,1.0,17.0,155.0,0.0,0.0,0.0,2.0,0.0,0.0,0.0,1.0,0.0,2.0,0.0,4.0,0.0,2.0
0.0,2.0,17.0,156.0,0.0,1.0,0.0,0.0,0.0,2.0,0.0,0.0,0.0,1.0,0.0,2.0,0.0,4.0
0.0,1.0,17.0,157.0,0.0,2.0,0.0,1.0,0.0,0.0,0.0,2.0,0.0,0.0,0.0,1.0,0.0,2.0
0.0,1.0,17.0,158.0,0.0,1.0,0.0,2.0,0.0,1.0,0.0,0.0,0.0,2.0,0.0,0.0,0.0,1.0
0.0,1.0,17.0,159.0,0.0,1.0,0.0,1.0,0.0,2.0,0.0,1.0,0.0,0.0,0.0,2.0,0.0,0.0
0.0,0.0,17.0,160.0,0.0,1.0,0.0,1.0,0.0,1.0,0.0,2.0,0.0,1.0,0.0,0.0,0.0,2.0
0.0,2.0,17.0,161.0,0.0,0.0,0.0,1.0,0.0,1.0,0.0,1.0,0.0,2.0,0.0,1.0,0.0,0.0
0.0,4.0,17.0,162.0,0.0,2.0,0.0,0.0,0.0,1.0,0.0,1.0,0.0,1.0,0.0,2.0,0.0,1.0
0.0,0.0,17.0,163.0,0.0,4.0,0.0,2.0,0.0,0.0,0.0,1.0,0.0,1.0,0.0,1.0,0.0,2.0
0.0,2.0,17.0,164.0,0.0,0.0,0.0,4.0,0.0,2.0,0.0,0.0,0.0,1.0,0.0,1.0,0.0,1.0
1.0,2.0,17.0,165.0,0.0,2.0,0.0,0.0,0.0,4.0,0.0,2.0,0.0,0.0,0.0,1.0,0.0,1.0
0.0,2.0,17.0,166.0,1.0,2.0,0.0,2.0,0.0,0.0,0.0,4.0,0.0,2.0,0.0,0.0,0.0,1.0
0.0,5.0,17.0,167.0,0.0,2.0,1.0,2.0,0.0,2.0,0.0,0.0,0.0,4.0,0.0,2.0,0.0,0.0
0.0,6.0,17.0,168.0,0.0,5.0,0.0,2.0,1.0,2.0,0.0,2.0,0.0,0.0,0.0,4.0,0.0,2.0
0.0,3.0,17.0,169.0,0.0,6.0,0.0,5.0,0.0,2.0,1.0,2.0,0.0,2.0,0.0,0.0,0.0,4.0
0.0,1.0,17.0,170.0,0.0,3.0,0.0,6.0,0.0,5.0,0.0,2.0,1.0,2.0,0.0,2.0,0.0,0.0
0.0,2.0,17.0,171.0,0.0,1.0,0.0,3.0,0.0,6.0,0.0,5.0,0.0,2.0,1.0,2.0,0.0,2.0
0.0,3.0,17.0,172.0,0.0,2.0,0.0,1.0,0.0,3.0,0.0,6.0,0.0,5.0,0.0,2.0,1.0,2.0
0.0,3.0,17.0,173.0,0.0,3.0,0.0,2.0,0.0,1.0,0.0,3.0,0.0,6.0,0.0,5.0,0.0,2.0
0.0,2.0,17.0,174.0,0.0,3.0,0.0,3.0,0.0,2.0,0.0,1.0,0.0,3.0,0.0,6.0,0.0,5.0
0.0,2.0,17.0,175.0,0.0,2.0,0.0,3.0,0.0,3.0,0.0,2.0,0.0,1.0,0.0,3.0,0.0,6.0
0.0,2.0,17.0,176.0,0.0,2.0,0.0,2.0,0.0,3.0,0.0,3.0,0.0,2.0,0.0,1.0,0.0,3.0
0.0,2.0,17.0,177.0,0.0,2.0,0.0,2.0,0.0,2.0,0.0,3.0,0.0,3.0,0.0,2.0,0.0,1.0
0.0,0.0,17.0,178.0,0.0,2.0,0.0,2.0,0.0,2.0,0.0,2.0,0.0,3.0,0.0,3.0,0.0,2.0
0.0,2.0,17.0,179.0,0.0,0.0,0.0,2.0,0.0,2.0,0.0,2.0,0.0,2.0,0.0,3.0,0.0,3.0
0.0,1.0,17.0,180.0,0.0,2.0,0.0,0.0,0.0,2.0,0.0,2.0,0.0,2.0,0.0,2.0,0.0,3.0
0.0,1.0,17.0,181.0,0.0,1.0,0.0,2.0,0.0,0.0,0.0,2.0,0.0,2.0,0.0,2.0,0.0,2.0
0.0,5.0,17.0,182.0,0.0,1.0,0.0,1.0,0.0,2.0,0.0,0.0,0.0,2.0,0.0,2.0,0.0,2.0
0.0,4.0,17.0,183.0,0.0,5.0,0.0,1.0,0.0,1.0,0.0,2.0,0.0,0.0,0.0,2.0,0.0,2.0
0.0,4.0,17.0,184.0,0.0,4.0,0.0,5.0,0.0,1.0,0.0,1.0,0.0,2.0,0.0,0.0,0.0,2.0
0.0,2.0,17.0,185.0,0.0,4.0,0.0,4.0,0.0,5.0,0.0,1.0,0.0,1.0,0.0,2.0,0.0,0.0
0.0,2.0,17.0,186.0,0.0,2.0,0.0,4.0,0.0,4.0,0.0,5.0,0.0,1.0,0.0,1.0,0.0,2.0
0.0,5.0,17.0,187.0,0.0,2.0,0.0,2.0,0.0,4.0,0.0,4.0,0.0,5.0,0.0,1.0,0.0,1.0
0.0,6.0,17.0,188.0,0.0,5.0,0.0,2.0,0.0,2.0,0.0,4.0,0.0,4.0,0.0,5.0,0.0,1.0
0.0,5.0,17.0,189.0,0.0,6.0,0.0,5.0,0.0,2.0,0.0,2.0,0.0,4.0,0.0,4.0,0.0,5.0
0.0,3.0,17.0,190.0,0.0,5.0,0.0,6.0,0.0,5.0,0.0,2.0,0.0,2.0,0.0,4.0,0.0,4.0
0.0,0.0,17.0,191.0,0.0,3.0,0.0,5.0,0.0,6.0,0.0,5.0,0.0,2.0,0.0,2.0,0.0,4.0
0.0,1.0,17.0,192.0,0.0,0.0,0.0,3.0,0.0,5.0,0.0,6.0,0.0,5.0,0.0,2.0,0.0,2.0
0.0,2.0,17.0,193.0,0.0,1.0,0.0,0.0,0.0,3.0,0.0,5.0,0.0,6.0,0.0,5.0,0.0,2.0
0.0,1.0,17.0,194.0,0.0,2.0,0.0,1.0,0.0,0.0,0.0,3.0,0.0,5.0,0.0,6.0,0.0,5.0
0.0,3.0,17.0,195.0,0.0,1.0,0.0,2.0,0.0,1.0,0.0,0.0,0.0,3.0,0.0,5.0,0.0,6.0
0.0,1.0,17.0,196.0,0.0,3.0,0.0,1.0,0.0,2.0,0.0,1.0,0.0,0.0,0.0,3.0,0.0,5.0
0.0,0.0,17.0,197.0,0.0,1.0,0.0,3.0,0.0,1.0,0.0,2.0,0.0,1.0,0.0,0.0,0.0,3.0
0.0,2.0,17.0,198.0,0.0,0.0,0.0,1.0,0.0,3.0,0.0,1.0,0.0,2.0,0.0,1.0,0.0,0.0
0.0,0.0,17.0,199.0,0.0,2.0,0.0,0.0,0.0,1.0,0.0,3.0,0.0,1.0,0.0,2.0,0.0,1.0
0.0,1.0,17.0,200.0,0.0,0.0,0.0,2.0,0.0,0.0,0.0,1.0,0.0,3.0,0.0,1.0,0.0,2.0
0.0,2.0,17.0,201.0,0.0,1.0,0.0,0.0,0.0,2.0,0.0,0.0,0.0,1.0,0.0,3.0,0.0,1.0
0.0,1.0,17.0,202.0,0.0,2.0,0.0,1.0,0.0,0.0,0.0,2.0,0.0,0.0,0.0,1.0,0.0,3.0
0.0,1.0,17.0,203.0,0.0,1.0,0.0,2.0,0.0,1.0,0.0,0.0,0.0,2.0,0.0,0.0,0.0,1.0
0.0,0.0,17.0,204.0,0.0,1.0,0.0,1.0,0.0,2.0,0.0,1.0,0.0,0.0,0.0,2.0,0.0,0.0
0.0,3.0,17.0,205.0,0.0,0.0,0.0,1.0,0.0,1.0,0.0,2.0,0.0,1.0,0.0,0.0,0.0,2.0
0.0,0.0,17.0,206.0,0.0,3.0,0.0,0.0,0.0,1.0,0.0,1.0,0.0,2.0,0.0,1.0,0.0,0.0
0.0,2.0,17.0,207.0,0.0,0.0,0.0,3.0,0.0,0.0,0.0,1.0,0.0,1.0,0.0,2.0,0.0,1.0
0.0,2.0,17.0,208.0,0.0,2.0,0.0,0.0,0.0,3.0,0.0,0.0,0.0,1.0,0.0,1.0,0.0,2.0
0.0,0.0,17.0,209.0,0.0,2.0,0.0,2.0,0.0,0.0,0.0,3.0,0.0,0.0,0.0,1.0,0.0,1.0
0.0,0.0,17.0,210.0,0.0,0.0,0.0,2.0,0.0,2.0,0.0,0.0,0.0,3.0,0.0,0.0,0.0,1.0
0.0,2.0,17.0,211.0,0.0,0.0,0.0,0.0,0.0,2.0,0.0,2.0,0.0,0.0,0.0,3.0,0.0,0.0
0.0,0.0,17.0,212.0,0.0,2.0,0.0,0.0,0.0,0.0,0.0,2.0,0.0,2.0,0.0,0.0,0.0,3.0
0.0,2.0,17.0,213.0,0.0,0.0,0.0,2.0,0.0,0.0,0.0,0.0,0.0,2.0,0.0,2.0,0.0,0.0
0.0,1.0,17.0,214.0,0.0,2.0,0.0,0.0,0.0,2.0,0.0,0.0,0.0,0.0,0.0,2.0,0.0,2.0
0.0,0.0,17.0,215.0,0.0,1.0,0.0,2.0,0.0,0.0,0.0,2.0,0.0,0.0,0.0,0.0,0.0,2.0
0.0,0.0,17.0,216.0,0.0,0.0,0.0,1.0,0.0,2.0,0.0,0.0,0.0,2.0,0.0,0.0,0.0,0.0
0.0,1.0,17.0,217.0,0.0,0.0,0.0,0.0,0.0,1.0,0.0,2.0,0.0,0.0,0.0,2.0,0.0,0.0
0.0,1.0,17.0,218.0,0.0,1.0,0.0,0.0,0.0,0.0,0.0,1.0,0.0,2.0,0.0,0.0,0.0,2.0
0.0,1.0,17.0,219.0,0.0,1.0,0.0,1.0,0.0,0.0,0.0,0.0,0.0,1.0,0.0,2.0,0.0,0.0
0.0,1.0,17.0,220.0,0.0,1.0,0.0,1.0,0.0,1.0,0.0,0.0,0.0,0.0,0.0,1.0,0.0,2.0
0.0,0.0,17.0,221.0,0.0,1.0,0.0,1.0,0.0,1.0,0.0,1.0,0.0,0.0,0.0,0.0,0.0,1.0
0.0,3.0,17.0,222.0,0.0,0.0,0.0,1.0,0.0,1.0,0.0,1.0,0.0,1.0,0.0,0.0,0.0,0.0
0.0,0.0,17.0,223.0,0.0,3.0,0.0,0.0,0.0,1.0,0.0,1.0,0.0,1.0,0.0,1.0,0.0,0.0
0.0,2.0,17.0,224.0,0.0,0.0,0.0,3.0,0.0,0.0,0.0,1.0,0.0,1.0,0.0,1.0,0.0,1.0
0.0,1.0,17.0,225.0,0.0,2.0,0.0,0.0,0.0,3.0,0.0,0.0,0.0,1.0,0.0,1.0,0.0,1.0
0.0,3.0,17.0,226.0,0.0,1.0,0.0,2.0,0.0,0.0,0.0,3.0,0.0,0.0,0.0,1.0,0.0,1.0
0.0,6.0,17.0,227.0,0.0,3.0,0.0,1.0,0.0,2.0,0.0,0.0,0.0,3.0,0.0,0.0,0.0,1.0
0.0,5.0,17.0,228.0,0.0,6.0,0.0,3.0,0.0,1.0,0.0,2.0,0.0,0.0,0.0,3.0,0.0,0.0
0.0,4.0,17.0,229.0,0.0,5.0,0.0,6.0,0.0,3.0,0.0,1.0,0.0,2.0,0.0,0.0,0.0,3.0
0.0,5.0,17.0,230.0,0.0,4.0,0.0,5.0,0.0,6.0,0.0,3.0,0.0,1.0,0.0,2.0,0.0,0.0
0.0,2.0,17.0,231.0,0.0,5.0,0.0,4.0,0.0,5.0,0.0,6.0,0.0,3.0,0.0,1.0,0.0,2.0
0.0,2.0,17.0,232.0,0.0,2.0,0.0,5.0,0.0,4.0,0.0,5.0,0.0,6.0,0.0,3.0,0.0,1.0
0.0,4.0,17.0,233.0,0.0,2.0,0.0,2.0,0.0,5.0,0.0,4.0,0.0,5.0,0.0,6.0,0.0,3.0
0.0,1.0,17.0,234.0,0.0,4.0,0.0,2.0,0.0,2.0,0.0,5.0,0.0,4.0,0.0,5.0,0.0,6.0
0.0,1.0,17.0,235.0,0.0,1.0,0.0,4.0,0.0,2.0,0.0,2.0,0.0,5.0,0.0,4.0,0.0,5.0
0.0,2.0,17.0,236.0,0.0,1.0,0.0,1.0,0.0,4.0,0.0,2.0,0.0,2.0,0.0,5.0,0.0,4.0
0.0,3.0,17.0,237.0,0.0,2.0,0.0,1.0,0.0,1.0,0.0,4.0,0.0,2.0,0.0,2.0,0.0,5.0
0.0,0.0,17.0,238.0,0.0,3.0,0.0,2.0,0.0,1.0,0.0,1.0,0.0,4.0,0.0,2.0,0.0,2.0
0.0,2.0,17.0,239.0,0.0,0.0,0.0,3.0,0.0,2.0,0.0,1.0,0.0,1.0,0.0,4.0,0.0,2.0
0.0,2.0,17.0,240.0,0.0,2.0,0.0,0.0,0.0,3.0,0.0,2.0,0.0,1.0,0.0,1.0,0.0,4.0
0.0,0.0,17.0,241.0,0.0,2.0,0.0,2.0,0.0,0.0,0.0,3.0,0.0,2.0,0.0,1.0,0.0,1.0
0.0,1.0,17.0,242.0,0.0,0.0,0.0,2.0,0.0,2.0,0.0,0.0,0.0,3.0,0.0,2.0,0.0,1.0
0.0,2.0,17.0,243.0,0.0,1.0,0.0,0.0,0.0,2.0,0.0,2.0,0.0,0.0,0.0,3.0,0.0,2.0
0.0,1.0,17.0,244.0,0.0,2.0,0.0,1.0,0.0,0.0,0.0,2.0,0.0,2.0,0.0,0.0,0.0,3.0
0.0,0.0,17.0,245.0,0.0,1.0,0.0,2.0,0.0,1.0,0.0,0.0,0.0,2.0,0.0,2.0,0.0,0.0
0.0,1.0,17.0,246.0,0.0,0.0,0.0,1.0,0.0,2.0,0.0,1.0,0.0,0.0,0.0,2.0,0.0,2.0
0.0,2.0,17.0,247.0,0.0,1.0,0.0,0.0,0.0,1.0,0.0,2.0,0.0,1.0,0.0,0.0,0.0,2.0
1.0,0.0,17.0,248.0,0.0,2.0,0.0,1.0,0.0,0.0,0.0,1.0,0.0,2.0,0.0,1.0,0.0,0.0
0.0,3.0,17.0,249.0,1.0,0.0,0.0,2.0,0.0,1.0,0.0,0.0,0.0,1.0,0.0,2.0,0.0,1.0
0.0,2.0,17.0,250.0,0.0,3.0,1.0,0.0,0.0,2.0,0.0,1.0,0.0,0.0,0.0,1.0,0.0,2.0
0.0,3.0,17.0,251.0,0.0,2.0,0.0,3.0,1.0,0.0,0.0,2.0,0.0,1.0,0.0,0.0,0.0,1.0
0.0,3.0,17.0,252.0,0.0,3.0,0.0,2.0,0.0,3.0,1.0,0.0,0.0,2.0,0.0,1.0,0.0,0.0
0.0,3.0,17.0,253.0,0.0,3.0,0.0,3.0,0.0,2.0,0.0,3.0,1.0,0.0,0.0,2.0,0.0,1.0
0.0,5.0,17.0,254.0,0.0,3.0,0.0,3.0,0.0,3.0,0.0,2.0,0.0,3.0,1.0,0.0,0.0,2.0
0.0,9.0,17.0,255.0,0.0,5.0,0.0,3.0,0.0,3.0,0.0,3.0,0.0,2.0,0.0,3.0,1.0,0.0
0.0,8.0,17.0,256.0,0.0,9.0,0.0,5.0,0.0,3.0,0.0,3.0,0.0,3.0,0.0,2.0,0.0,3.0
0.0,1.0,17.0,257.0,0.0,8.0,0.0,9.0,0.0,5.0,0.0,3.0,0.0,3.0,0.0,3.0,0.0,2.0
0.0,7.0,17.0,258.0,0.0,1.0,0.0,8.0,0.0,9.0,0.0,5.0,0.0,3.0,0.0,3.0,0.0,3.0
0.0,6.0,17.0,259.0,0.0,7.0,0.0,1.0,0.0,8.0,0.0,9.0,0.0,5.0,0.0,3.0,0.0,3.0
0.0,1.0,17.0,260.0,0.0,6.0,0.0,7.0,0.0,1.0,0.0,8.0,0.0,9.0,0.0,5.0,0.0,3.0
0.0,3.0,17.0,261.0,0.0,1.0,0.0,6.0,0.0,7.0,0.0,1.0,0.0,8.0,0.0,9.0,0.0,5.0
0.0,3.0,17.0,262.0,0.0,3.0,0.0,1.0,0.0,6.0,0.0,7.0,0.0,1.0,0.0,8.0,0.0,9.0
0.0,2.0,17.0,263.0,0.0,3.0,0.0,3.0,0.0,1.0,0.0,6.0,0.0,7.0,0.0,1.0,0.0,8.0
0.0,4.0,17.0,264.0,0.0,2.0,0.0,3.0,0.0,3.0,0.0,1.0,0.0,6.0,0.0,7.0,0.0,1.0
0.0,4.0,17.0,265.0,0.0,4.0,0.0,2.0,0.0,3.0,0.0,3.0,0.0,1.0,0.0,6.0,0.0,7.0
0.0,2.0,17.0,266.0,0.0,4.0,0.0,4.0,0.0,2.0,0.0,3.0,0.0,3.0,0.0,1.0,0.0,6.0
0.0,0.0,17.0,267.0,0.0,2.0,0.0,4.0,0.0,4.0,0.0,2.0,0.0,3.0,0.0,3.0,0.0,1.0
0.0,2.0,17.0,268.0,0.0,0.0,0.0,2.0,0.0,4.0,0.0,4.0,0.0,2.0,0.0,3.0,0.0,3.0
0.0,0.0,17.0,269.0,0.0,2.0,0.0,0.0,0.0,2.0,0.0,4.0,0.0,4.0,0.0,2.0,0.0,3.0
0.0,2.0,17.0,270.0,0.0,0.0,0.0,2.0,0.0,0.0,0.0,2.0,0.0,4.0,0.0,4.0,0.0,2.0
0.0,2.0,17.0,271.0,0.0,2.0,0.0,0.0,0.0,2.0,0.0,0.0,0.0,2.0,0.0,4.0,0.0,4.0
0.0,2.0,17.0,272.0,0.0,2.0,0.0,2.0,0.0,0.0,0.0,2.0,0.0,0.0,0.0,2.0,0.0,4.0
0.0,1.0,17.0,273.0,0.0,2.0,0.0,2.0,0.0,2.0,0.0,0.0,0.0,2.0,0.0,0.0,0.0,2.0
0.0,2.0,17.0,274.0,0.0,1.0,0.0,2.0,0.0,2.0,0.0,2.0,0.0,0.0,0.0,2.0,0.0,0.0
0.0,4.0,17.0,275.0,0.0,2.0,0.0,1.0,0.0,2.0,0.0,2.0,0.0,2.0,0.0,0.0,0.0,2.0
0.0,2.0,17.0,276.0,0.0,4.0,0.0,2.0,0.0,1.0,0.0,2.0,0.0,2.0,0.0,2.0,0.0,0.0
0.0,2.0,17.0,277.0,0.0,2.0,0.0,4.0,0.0,2.0,0.0,1.0,0.0,2.0,0.0,2.0,0.0,2.0
0.0,5.0,17.0,278.0,0.0,2.0,0.0,2.0,0.0,4.0,0.0,2.0,0.0,1.0,0.0,2.0,0.0,2.0
0.0,1.0,17.0,279.0,0.0,5.0,0.0,2.0,0.0,2.0,0.0,4.0,0.0,2.0,0.0,1.0,0.0,2.0
0.0,3.0,17.0,280.0,0.0,1.0,0.0,5.0,0.0,2.0,0.0,2.0,0.0,4.0,0.0,2.0,0.0,1.0
0.0,1.0,17.0,281.0,0.0,3.0,0.0,1.0,0.0,5.0,0.0,2.0,0.0,2.0,0.0,4.0,0.0,2.0
0.0,1.0,17.0,282.0,0.0,1.0,0.0,3.0,0.0,1.0,0.0,5.0,0.0,2.0,0.0,2.0,0.0,4.0
0.0,1.0,17.0,283.0,0.0,1.0,0.0,1.0,0.0,3.0,0.0,1.0,0.0,5.0,0.0,2.0,0.0,2.0
0.0,2.0,17.0,284.0,0.0,1.0,0.0,1.0,0.0,1.0,0.0,3.0,0.0,1.0,0.0,5.0,0.0,2.0
0.0,3.0,17.0,285.0,0.0,2.0,0.0,1.0,0.0,1.0,0.0,1.0,0.0,3.0,0.0,1.0,0.0,5.0
0.0,1.0,17.0,286.0,0.0,3.0,0.0,2.0,0.0,1.0,0.0,1.0,0.0,1.0,0.0,3.0,0.0,1.0
0.0,2.0,17.0,287.0,0.0,1.0,0.0,3.0,0.0,2.0,0.0,1.0,0.0,1.0,0.0,1.0,0.0,3.0
0.0,7.0,17.0,288.0,0.0,2.0,0.0,1.0,0.0,3.0,0.0,2.0,0.0,1.0,0.0,1.0,0.0,1.0
0.0,3.0,17.0,289.0,0.0,7.0,0.0,2.0,0.0,1.0,0.0,3.0,0.0,2.0,0.0,1.0,0.0,1.0
0.0,2.0,17.0,290.0,0.0,3.0,0.0,7.0,0.0,2.0,0.0,1.0,0.0,3.0,0.0,2.0,0.0,1.0
0.0,4.0,17.0,291.0,0.0,2.0,0.0,3.0,0.0,7.0,0.0,2.0,0.0,1.0,0.0,3.0,0.0,2.0
0.0,4.0,17.0,292.0,0.0,4.0,0.0,2.0,0.0,3.0,0.0,7.0,0.0,2.0,0.0,1.0,0.0,3.0
0.0,6.0,17.0,293.0,0.0,4.0,0.0,4.0,0.0,2.0,0.0,3.0,0.0,7.0,0.0,2.0,0.0,1.0
0.0,4.0,17.0,294.0,0.0,6.0,0.0,4.0,0.0,4.0,0.0,2.0,0.0,3.0,0.0,7.0,0.0,2.0
0.0,1.0,17.0,295.0,0.0,4.0,0.0,6.0,0.0,4.0,0.0,4.0,0.0,2.0,0.0,3.0,0.0,7.0
0.0,0.0,17.0,296.0,0.0,1.0,0.0,4.0,0.0,6.0,0.0,4.0,0.0,4.0,0.0,2.0,0.0,3.0
0.0,1.0,17.0,297.0,0.0,0.0,0.0,1.0,0.0,4.0,0.0,6.0,0.0,4.0,0.0,4.0,0.0,2.0
0.0,0.0,17.0,298.0,0.0,1.0,0.0,0.0,0.0,1.0,0.0,4.0,0.0,6.0,0.0,4.0,0.0,4.0
0.0,1.0,17.0,299.0,0.0,0.0,0.0,1.0,0.0,0.0,0.0,1.0,0.0,4.0,0.0,6.0,0.0,4.0
0.0,1.0,17.0,300.0,0.0,1.0,0.0,0.0,0.0,1.0,0.0,0.0,0.0,1.0,0.0,4.0,0.0,6.0
0.0,1.0,17.0,301.0,0.0,1.0,0.0,1.0,0.0,0.0,0.0,1.0,0.0,0.0,0.0,1.0,0.0,4.0
0.0,3.0,17.0,302.0,0.0,1.0,0.0,1.0,0.0,1.0,0.0,0.0,0.0,1.0,0.0,0.0,0.0,1.0
0.0,3.0,17.0,303.0,0.0,3.0,0.0,1.0,0.0,1.0,0.0,1.0,0.0,0.0,0.0,1.0,0.0,0.0
0.0,1.0,17.0,304.0,0.0,3.0,0.0,3.0,0.0,1.0,0.0,1.0,0.0,1.0,0.0,0.0,0.0,1.0
0.0,1.0,17.0,305.0,0.0,1.0,0.0,3.0,0.0,3.0,0.0,1.0,0.0,1.0,0.0,1.0,0.0,0.0
0.0,3.0,17.0,306.0,0.0,1.0,0.0,1.0,0.0,3.0,0.0,3.0,0.0,1.0,0.0,1.0,0.0,1.0
0.0,2.0,17.0,307.0,0.0,3.0,0.0,1.0,0.0,1.0,0.0,3.0,0.0,3.0,0.0,1.0,0.0,1.0
0.0,4.0,17.0,308.0,0.0,2.0,0.0,3.0,0.0,1.0,0.0,1.0,0.0,3.0,0.0,3.0,0.0,1.0
0.0,2.0,17.0,309.0,0.0,4.0,0.0,2.0,0.0,3.0,0.0,1.0,0.0,1.0,0.0,3.0,0.0,3.0
1.0,2.0,17.0,310.0,0.0,2.0,0.0,4.0,0.0,2.0,0.0,3.0,0.0,1.0,0.0,1.0,0.0,3.0
0.0,3.0,17.0,311.0,1.0,2.0,0.0,2.0,0.0,4.0,0.0,2.0,0.0,3.0,0.0,1.0,0.0,1.0
1.0,3.0,17.0,312.0,0.0,3.0,1.0,2.0,0.0,2.0,0.0,4.0,0.0,2.0,0.0,3.0,0.0,1.0
0.0,3.0,17.0,313.0,1.0,3.0,0.0,3.0,1.0,2.0,0.0,2.0,0.0,4.0,0.0,2.0,0.0,3.0
0.0,0.0,17.0,314.0,0.0,3.0,1.0,3.0,0.0,3.0,1.0,2.0,0.0,2.0,0.0,4.0,0.0,2.0
0.0,0.0,17.0,315.0,0.0,0.0,0.0,3.0,1.0,3.0,0.0,3.0,1.0,2.0,0.0,2.0,0.0,4.0
0.0,1.0,17.0,316.0,0.0,0.0,0.0,0.0,0.0,3.0,1.0,3.0,0.0,3.0,1.0,2.0,0.0,2.0
0.0,1.0,17.0,317.0,0.0,1.0,0.0,0.0,0.0,0.0,0.0,3.0,1.0,3.0,0.0,3.0,1.0,2.0
0.0,1.0,17.0,318.0,0.0,1.0,0.0,1.0,0.0,0.0,0.0,0.0,0.0,3.0,1.0,3.0,0.0,3.0
0.0,3.0,17.0,319.0,0.0,1.0,0.0,1.0,0.0,1.0,0.0,0.0,0.0,0.0,0.0,3.0,1.0,3.0
0.0,0.0,17.0,320.0,0.0,3.0,0.0,1.0,0.0,1.0,0.0,1.0,0.0,0.0,0.0,0.0,0.0,3.0
0.0,0.0,17.0,321.0,0.0,0.0,0.0,3.0,0.0,1.0,0.0,1.0,0.0,1.0,0.0,0.0,0.0,0.0
0.0,5.0,17.0,322.0,0.0,0.0,0.0,0.0,0.0,3.0,0.0,1.0,0.0,1.0,0.0,1.0,0.0,0.0
0.0,2.0,17.0,323.0,0.0,5.0,0.0,0.0,0.0,0.0,0.0,3.0,0.0,1.0,0.0,1.0,0.0,1.0
0.0,4.0,17.0,324.0,0.0,2.0,0.0,5.0,0.0,0.0,0.0,0.0,0.0,3.0,0.0,1.0,0.0,1.0
0.0,1.0,17.0,325.0,0.0,4.0,0.0,2.0,0.0,5.0,0.0,0.0,0.0,0.0,0.0,3.0,0.0,1.0
0.0,2.0,17.0,326.0,0.0,1.0,0.0,4.0,0.0,2.0,0.0,5.0,0.0,0.0,0.0,0.0,0.0,3.0
0.0,2.0,17.0,327.0,0.0,2.0,0.0,1.0,0.0,4.0,0.0,2.0,0.0,5.0,0.0,0.0,0.0,0.0
0.0,2.0,17.0,328.0,0.0,2.0,0.0,2.0,0.0,1.0,0.0,4.0,0.0,2.0,0.0,5.0,0.0,0.0
0.0,2.0,17.0,329.0,0.0,2.0,0.0,2.0,0.0,2.0,0.0,1.0,0.0,4.0,0.0,2.0,0.0,5.0
0.0,1.0,17.0,330.0,0.0,2.0,0.0,2.0,0.0,2.0,0.0,2.0,0.0,1.0,0.0,4.0,0.0,2.0
0.0,2.0,17.0,331.0,0.0,1.0,0.0,2.0,0.0,2.0,0.0,2.0,0.0,2.0,0.0,1.0,0.0,4.0
0.0,1.0,17.0,332.0,0.0,2.0,0.0,1.0,0.0,2.0,0.0,2.0,0.0,2.0,0.0,2.0,0.0,1.0
0.0,5.0,17.0,333.0,0.0,1.0,0.0,2.0,0.0,1.0,0.0,2.0,0.0,2.0,0.0,2.0,0.0,2.0
0.0,5.0,17.0,334.0,0.0,5.0,0.0,1.0,0.0,2.0,0.0,1.0,0.0,2.0,0.0,2.0,0.0,2.0
0.0,2.0,17.0,335.0,0.0,5.0,0.0,5.0,0.0,1.0,0.0,2.0,0.0,1.0,0.0,2.0,0.0,2.0
0.0,3.0,17.0,336.0,0.0,2.0,0.0,5.0,0.0,5.0,0.0,1.0,0.0,2.0,0.0,1.0,0.0,2.0
0.0,3.0,17.0,337.0,0.0,3.0,0.0,2.0,0.0,5.0,0.0,5.0,0.0,1.0,0.0,2.0,0.0,1.0
0.0,2.0,17.0,338.0,0.0,3.0,0.0,3.0,0.0,2.0,0.0,5.0,0.0,5.0,0.0,1.0,0.0,2.0
0.0,2.0,17.0,339.0,0.0,2.0,0.0,3.0,0.0,3.0,0.0,2.0,0.0,5.0,0.0,5.0,0.0,1.0
0.0,2.0,17.0,340.0,0.0,2.0,0.0,2.0,0.0,3.0,0.0,3.0,0.0,2.0,0.0,5.0,0.0,5.0
0.0,4.0,17.0,341.0,0.0,2.0,0.0,2.0,0.0,2.0,0.0,3.0,0.0,3.0,0.0,2.0,0.0,5.0
1.0,7.0,17.0,342.0,0.0,4.0,0.0,2.0,0.0,2.0,0.0,2.0,0.0,3.0,0.0,3.0,0.0,2.0
0.0,7.0,17.0,343.0,1.0,7.0,0.0,4.0,0.0,2.0,0.0,2.0,0.0,2.0,0.0,3.0,0.0,3.0
0.0,1.0,17.0,344.0,0.0,7.0,1.0,7.0,0.0,4.0,0.0,2.0,0.0,2.0,0.0,2.0,0.0,3.0
0.0,5.0,17.0,345.0,0.0,1.0,0.0,7.0,1.0,7.0,0.0,4.0,0.0,2.0,0.0,2.0,0.0,2.0
0.0,5.0,17.0,346.0,0.0,5.0,0.0,1.0,0.0,7.0,1.0,7.0,0.0,4.0,0.0,2.0,0.0,2.0
0.0,3.0,17.0,347.0,0.0,5.0,0.0,5.0,0.0,1.0,0.0,7.0,1.0,7.0,0.0,4.0,0.0,2.0
0.0,3.0,17.0,348.0,0.0,3.0,0.0,5.0,0.0,5.0,0.0,1.0,0.0,7.0,1.0,7.0,0.0,4.0
0.0,2.0,17.0,349.0,0.0,3.0,0.0,3.0,0.0,5.0,0.0,5.0,0.0,1.0,0.0,7.0,1.0,7.0
0.0,2.0,17.0,350.0,0.0,2.0,0.0,3.0,0.0,3.0,0.0,5.0,0.0,5.0,0.0,1.0,0.0,7.0
0.0,3.0,17.0,351.0,0.0,2.0,0.0,2.0,0.0,3.0,0.0,3.0,0.0,5.0,0.0,5.0,0.0,1.0
0.0,1.0,17.0,352.0,0.0,3.0,0.0,2.0,0.0,2.0,0.0,3.0,0.0,3.0,0.0,5.0,0.0,5.0
0.0,5.0,17.0,353.0,0.0,1.0,0.0,3.0,0.0,2.0,0.0,2.0,0.0,3.0,0.0,3.0,0.0,5.0
0.0,8.0,17.0,354.0,0.0,5.0,0.0,1.0,0.0,3.0,0.0,2.0,0.0,2.0,0.0,3.0,0.0,3.0
0.0,2.0,17.0,355.0,0.0,8.0,0.0,5.0,0.0,1.0,0.0,3.0,0.0,2.0,0.0,2.0,0.0,3.0
0.0,3.0,17.0,356.0,0.0,2.0,0.0,8.0,0.0,5.0,0.0,1.0,0.0,3.0,0.0,2.0,0.0,2.0
0.0,3.0,17.0,357.0,0.0,3.0,0.0,2.0,0.0,8.0,0.0,5.0,0.0,1.0,0.0,3.0,0.0,2.0
0.0,3.0,17.0,358.0,0.0,3.0,0.0,3.0,0.0,2.0,0.0,8.0,0.0,5.0,0.0,1.0,0.0,3.0
1.0,2.0,17.0,359.0,0.0,3.0,0.0,3.0,0.0,3.0,0.0,2.0,0.0,8.0,0.0,5.0,0.0,1.0
0.0,1.0,17.0,360.0,1.0,2.0,0.0,3.0,0.0,3.0,0.0,3.0,0.0,2.0,0.0,8.0,0.0,5.0
0.0,2.0,17.0,361.0,0.0,1.0,1.0,2.0,0.0,3.0,0.0,3.0,0.0,3.0,0.0,2.0,0.0,8.0
0.0,1.0,17.0,362.0,0.0,2.0,0.0,1.0,1.0,2.0,0.0,3.0,0.0,3.0,0.0,3.0,0.0,2.0
0.0,1.0,17.0,363.0,0.0,1.0,0.0,2.0,0.0,1.0,1.0,2.0,0.0,3.0,0.0,3.0,0.0,3.0
0.0,2.0,17.0,364.0,0.0,1.0,0.0,1.0,0.0,2.0,0.0,1.0,1.0,2.0,0.0,3.0,0.0,3.0
0.0,2.0,17.0,365.0,0.0,2.0,0.0,1.0,0.0,1.0,0.0,2.0,0.0,1.0,1.0,2.0,0.0,3.0
0.0,3.0,17.0,366.0,0.0,2.0,0.0,2.0,0.0,1.0,0.0,1.0,0.0,2.0,0.0,1.0,1.0,2.0
3.0,8.0,17.0,367.0,0.0,3.0,0.0,2.0,0.0,2.0,0.0,1.0,0.0,1.0,0.0,2.0,0.0,1.0
0.0,7.0,17.0,368.0,3.0,8.0,0.0,3.0,0.0,2.0,0.0,2.0,0.0,1.0,0.0,1.0,0.0,2.0
0.0,3.0,17.0,369.0,0.0,7.0,3.0,8.0,0.0,3.0,0.0,2.0,0.0,2.0,0.0,1.0,0.0,1.0
0.0,2.0,17.0,370.0,0.0,3.0,0.0,7.0,3.0,8.0,0.0,3.0,0.0,2.0,0.0,2.0,0.0,1.0
0.0,3.0,17.0,371.0,0.0,2.0,0.0,3.0,0.0,7.0,3.0,8.0,0.0,3.0,0.0,2.0,0.0,2.0
0.0,5.0,17.0,372.0,0.0,3.0,0.0,2.0,0.0,3.0,0.0,7.0,3.0,8.0,0.0,3.0,0.0,2.0
0.0,3.0,17.0,373.0,0.0,5.0,0.0,3.0,0.0,2.0,0.0,3.0,0.0,7.0,3.0,8.0,0.0,3.0
0.0,5.0,17.0,374.0,0.0,3.0,0.0,5.0,0.0,3.0,0.0,2.0,0.0,3.0,0.0,7.0,3.0,8.0
0.0,4.0,17.0,375.0,0.0,5.0,0.0,3.0,0.0,5.0,0.0,3.0,0.0,2.0,0.0,3.0,0.0,7.0
0.0,1.0,17.0,376.0,0.0,4.0,0.0,5.0,0.0,3.0,0.0,5.0,0.0,3.0,0.0,2.0,0.0,3.0
0.0,7.0,17.0,377.0,0.0,1.0,0.0,4.0,0.0,5.0,0.0,3.0,0.0,5.0,0.0,3.0,0.0,2.0
0.0,2.0,17.0,378.0,0.0,7.0,0.0,1.0,0.0,4.0,0.0,5.0,0.0,3.0,0.0,5.0,0.0,3.0
0.0,0.0,17.0,379.0,0.0,2.0,0.0,7.0,0.0,1.0,0.0,4.0,0.0,5.0,0.0,3.0,0.0,5.0
0.0,5.0,17.0,380.0,0.0,0.0,0.0,2.0,0.0,7.0,0.0,1.0,0.0,4.0,0.0,5.0,0.0,3.0
0.0,2.0,17.0,381.0,0.0,5.0,0.0,0.0,0.0,2.0,0.0,7.0,0.0,1.0,0.0,4.0,0.0,5.0
0.0,1.0,17.0,382.0,0.0,2.0,0.0,5.0,0.0,0.0,0.0,2.0,0.0,7.0,0.0,1.0,0.0,4.0
1.0,7.0,17.0,383.0,0.0,1.0,0.0,2.0,0.0,5.0,0.0,0.0,0.0,2.0,0.0,7.0,0.0,1.0
0.0,4.0,17.0,384.0,1.0,7.0,0.0,1.0,0.0,2.0,0.0,5.0,0.0,0.0,0.0,2.0,0.0,7.0
0.0,5.0,17.0,385.0,0.0,4.0,1.0,7.0,0.0,1.0,0.0,2.0,0.0,5.0,0.0,0.0,0.0,2.0
0.0,4.0,17.0,386.0,0.0,5.0,0.0,4.0,1.0,7.0,0.0,1.0,0.0,2.0,0.0,5.0,0.0,0.0
0.0,1.0,17.0,387.0,0.0,4.0,0.0,5.0,0.0,4.0,1.0,7.0,0.0,1.0,0.0,2.0,0.0,5.0
0.0,0.0,17.0,388.0,0.0,1.0,0.0,4.0,0.0,5.0,0.0,4.0,1.0,7.0,0.0,1.0,0.0,2.0
0.0,2.0,17.0,389.0,0.0,0.0,0.0,1.0,0.0,4.0,0.0,5.0,0.0,4.0,1.0,7.0,0.0,1.0
0.0,2.0,17.0,390.0,0.0,2.0,0.0,0.0,0.0,1.0,0.0,4.0,0.0,5.0,0.0,4.0,1.0,7.0
0.0,1.0,17.0,391.0,0.0,2.0,0.0,2.0,0.0,0.0,0.0,1.0,0.0,4.0,0.0,5.0,0.0,4.0
0.0,0.0,17.0,392.0,0.0,1.0,0.0,2.0,0.0,2.0,0.0,0.0,0.0,1.0,0.0,4.0,0.0,5.0
0.0,3.0,17.0,393.0,0.0,0.0,0.0,1.0,0.0,2.0,0.0,2.0,0.0,0.0,0.0,1.0,0.0,4.0
0.0,4.0,17.0,394.0,0.0,3.0,0.0,0.0,0.0,1.0,0.0,2.0,0.0,2.0,0.0,0.0,0.0,1.0
0.0,4.0,17.0,395.0,0.0,4.0,0.0,3.0,0.0,0.0,0.0,1.0,0.0,2.0,0.0,2.0,0.0,0.0
0.0,4.0,17.0,396.0,0.0,4.0,0.0,4.0,0.0,3.0,0.0,0.0,0.0,1.0,0.0,2.0,0.0,2.0
0.0,5.0,17.0,397.0,0.0,4.0,0.0,4.0,0.0,4.0,0.0,3.0,0.0,0.0,0.0,1.0,0.0,2.0
0.0,2.0,17.0,398.0,0.0,5.0,0.0,4.0,0.0,4.0,0.0,4.0,0.0,3.0,0.0,0.0,0.0,1.0
0.0,1.0,17.0,399.0,0.0,2.0,0.0,5.0,0.0,4.0,0.0,4.0,0.0,4.0,0.0,3.0,0.0,0.0
0.0,1.0,17.0,400.0,0.0,1.0,0.0,2.0,0.0,5.0,0.0,4.0,0.0,4.0,0.0,4.0,0.0,3.0
0.0,1.0,17.0,401.0,0.0,1.0,0.0,1.0,0.0,2.0,0.0,5.0,0.0,4.0,0.0,4.0,0.0,4.0
0.0,0.0,17.0,402.0,0.0,1.0,0.0,1.0,0.0,1.0,0.0,2.0,0.0,5.0,0.0,4.0,0.0,4.0
0.0,2.0,17.0,403.0,0.0,0.0,0.0,1.0,0.0,1.0,0.0,1.0,0.0,2.0,0.0,5.0,0.0,4.0
0.0,2.0,17.0,404.0,0.0,2.0,0.0,0.0,0.0,1.0,0.0,1.0,0.0,1.0,0.0,2.0,0.0,5.0
0.0,0.0,17.0,405.0,0.0,2.0,0.0,2.0,0.0,0.0,0.0,1.0,0.0,1.0,0.0,1.0,0.0,2.0
0.0,2.0,17.0,406.0,0.0,0.0,0.0,2.0,0.0,2.0,0.0,0.0,0.0,1.0,0.0,1.0,0.0,1.0
0.0,2.0,17.0,407.0,0.0,2.0,0.0,0.0,0.0,2.0,0.0,2.0,0.0,0.0,0.0,1.0,0.0,1.0
0.0,2.0,17.0,408.0,0.0,2.0,0.0,2.0,0.0,0.0,0.0,2.0,0.0,2.0,0.0,0.0,0.0,1.0
0.0,1.0,17.0,409.0,0.0,2.0,0.0,2.0,0.0,2.0,0.0,0.0,0.0,2.0,0.0,2.0,0.0,0.0
0.0,2.0,17.0,410.0,0.0,1.0,0.0,2.0,0.0,2.0,0.0,2.0,0.0,0.0,0.0,2.0,0.0,2.0
0.0,2.0,17.0,411.0,0.0,2.0,0.0,1.0,0.0,2.0,0.0,2.0,0.0,2.0,0.0,0.0,0.0,2.0
0.0,2.0,17.0,412.0,0.0,2.0,0.0,2.0,0.0,1.0,0.0,2.0,0.0,2.0,0.0,2.0,0.0,0.0
0.0,2.0,17.0,413.0,0.0,2.0,0.0,2.0,0.0,2.0,0.0,1.0,0.0,2.0,0.0,2.0,0.0,2.0
0.0,1.0,17.0,414.0,0.0,2.0,0.0,2.0,0.0,2.0,0.0,2.0,0.0,1.0,0.0,2.0,0.0,2.0
0.0,2.0,17.0,415.0,0.0,1.0,0.0,2.0,0.0,2.0,0.0,2.0,0.0,2.0,0.0,1.0,0.0,2.0
0.0,1.0,17.0,416.0,0.0,2.0,0.0,1.0,0.0,2.0,0.0,2.0,0.0,2.0,0.0,2.0,0.0,1.0
0.0,3.0,17.0,417.0,0.0,1.0,0.0,2.0,0.0,1.0,0.0,2.0,0.0,2.0,0.0,2.0,0.0,2.0
0.0,6.0,17.0,418.0,0.0,3.0,0.0,1.0,0.0,2.0,0.0,1.0,0.0,2.0,0.0,2.0,0.0,2.0
0.0,2.0,17.0,419.0,0.0,6.0,0.0,3.0,0.0,1.0,0.0,2.0,0.0,1.0,0.0,2.0,0.0,2.0
0.0,4.0,17.0,420.0,0.0,2.0,0.0,6.0,0.0,3.0,0.0,1.0,0.0,2.0,0.0,1.0,0.0,2.0
0.0,1.0,17.0,421.0,0.0,4.0,0.0,2.0,0.0,6.0,0.0,3.0,0.0,1.0,0.0,2.0,0.0,1.0
0.0,2.0,17.0,422.0,0.0,1.0,0.0,4.0,0.0,2.0,0.0,6.0,0.0,3.0,0.0,1.0,0.0,2.0
0.0,0.0,17.0,423.0,0.0,2.0,0.0,1.0,0.0,4.0,0.0,2.0,0.0,6.0,0.0,3.0,0.0,1.0
0.0,5.0,17.0,424.0,0.0,0.0,0.0,2.0,0.0,1.0,0.0,4.0,0.0,2.0,0.0,6.0,0.0,3.0
0.0,3.0,17.0,425.0,0.0,5.0,0.0,0.0,0.0,2.0,0.0,1.0,0.0,4.0,0.0,2.0,0.0,6.0
0.0,2.0,17.0,426.0,0.0,3.0,0.0,5.0,0.0,0.0,0.0,2.0,0.0,1.0,0.0,4.0,0.0,2.0
0.0,1.0,17.0,427.0,0.0,2.0,0.0,3.0,0.0,5.0,0.0,0.0,0.0,2.0,0.0,1.0,0.0,4.0
0.0,1.0,17.0,428.0,0.0,1.0,0.0,2.0,0.0,3.0,0.0,5.0,0.0,0.0,0.0,2.0,0.0,1.0
0.0,1.0,17.0,429.0,0.0,1.0,0.0,1.0,0.0,2.0,0.0,3.0,0.0,5.0,0.0,0.0,0.0,2.0
0.0,3.0,17.0,430.0,0.0,1.0,0.0,1.0,0.0,1.0,0.0,2.0,0.0,3.0,0.0,5.0,0.0,0.0
0.0,0.0,17.0,431.0,0.0,3.0,0.0,1.0,0.0,1.0,0.0,1.0,0.0,2.0,0.0,3.0,0.0,5.0
0.0,3.0,17.0,432.0,0.0,0.0,0.0,3.0,0.0,1.0,0.0,1.0,0.0,1.0,0.0,2.0,0.0,3.0
0.0,0.0,17.0,433.0,0.0,3.0,0.0,0.0,0.0,3.0,0.0,1.0,0.0,1.0,0.0,1.0,0.0,2.0
0.0,4.0,17.0,434.0,0.0,0.0,0.0,3.0,0.0,0.0,0.0,3.0,0.0,1.0,0.0,1.0,0.0,1.0
0.0,5.0,17.0,435.0,0.0,4.0,0.0,0.0,0.0,3.0,0.0,0.0,0.0,3.0,0.0,1.0,0.0,1.0
0.0,3.0,17.0,436.0,0.0,5.0,0.0,4.0,0.0,0.0,0.0,3.0,0.0,0.0,0.0,3.0,0.0,1.0
0.0,1.0,17.0,437.0,0.0,3.0,0.0,5.0,0.0,4.0,0.0,0.0,0.0,3.0,0.0,0.0,0.0,3.0
0.0,1.0,17.0,438.0,0.0,1.0,0.0,3.0,0.0,5.0,0.0,4.0,0.0,0.0,0.0,3.0,0.0,0.0
0.0,3.0,17.0,439.0,0.0,1.0,0.0,1.0,0.0,3.0,0.0,5.0,0.0,4.0,0.0,0.0,0.0,3.0
0.0,2.0,17.0,440.0,0.0,3.0,0.0,1.0,0.0,1.0,0.0,3.0,0.0,5.0,0.0,4.0,0.0,0.0
0.0,3.0,17.0,441.0,0.0,2.0,0.0,3.0,0.0,1.0,0.0,1.0,0.0,3.0,0.0,5.0,0.0,4.0
